PowerWatch ID,Name,Fuel,Capacity (MW),Location,Plant Type,Commissioning Year,Units,Owner,Annual Generation (GWh),Other,Source,URL,Source 2,URL 2,Efficiency,Fuel Consumption (gm/kWh),Peak Load MW,Load Factor,Capacity Factor,Availability,Status,Country,Grid Balancing Area,Latitude,Longitude,Secondary Fuel,Address,Town,Postal code,Cooling Type,Cooling Source,Grid Connection,Natural_Language,CO2_annual_reported,CO2_tCO2/MWh
1002473,Olkiluoto 1,Nuclear,880,Olkiluoto 1,,,,Teollisuuden Voima Oyj,7223.129,,Finnish Energy Authority,http://www.energiavirasto.fi/en/voimalaitosrekisteri,ENTSOE (for generation only),https://transparency.entsoe.eu/generation/r2/installedCapacityPerProductionUnit/show,,,,,,,,Finland,Finland National Grid,,,,Olkiluoto,Olkiluoto,27160,,,,,,
1002473,Olkiluoto 2,Nuclear,880,Olkiluoto 2,,,,Teollisuuden Voima Oyj,6685.583,,Finnish Energy Authority,http://www.energiavirasto.fi/en/voimalaitosrekisteri,ENTSOE (for generation only),https://transparency.entsoe.eu/generation/r2/installedCapacityPerProductionUnit/show,,,,,,,,Finland,Finland National Grid,,,,Olkiluoto,Olkiluoto,27160,,,,,,
1002454,Meri-Pori,Coal,565,Meri-Pori,,,,"Fortum Power & Heat , Generation",473.718,,Finnish Energy Authority,http://www.energiavirasto.fi/en/voimalaitosrekisteri,ENTSOE (for generation only),https://transparency.entsoe.eu/generation/r2/installedCapacityPerProductionUnit/show,,,,,,,,Finland,Finland National Grid,,,Heavy distillates,Keilaniementie 1,PL 100,00048 Fortum,,,,,,
1002445,Loviisa Y1,Nuclear,496,Loviisa I,,,,"Fortum Power & Heat , Power",3911.809,,Finnish Energy Authority,http://www.energiavirasto.fi/en/voimalaitosrekisteri,ENTSOE (for generation only),https://transparency.entsoe.eu/generation/r2/installedCapacityPerProductionUnit/show,,,,,,,,Finland,Finland National Grid,,,,Keilaniementie 1,PL 100,00048 Fortum,,,,,,
1002445,Loviisa Y2,Nuclear,496,Loviisa II,,,,"Fortum Power & Heat , Power",3926.634,,Finnish Energy Authority,http://www.energiavirasto.fi/en/voimalaitosrekisteri,ENTSOE (for generation only),https://transparency.entsoe.eu/generation/r2/installedCapacityPerProductionUnit/show,,,,,,,,Finland,Finland National Grid,,,,Keilaniementie 1,PL 100,00048 Fortum,,,,,,
1002594,Vuosaari B,Natural Gas,485,Vuosaari B-voimalaitos,CHP,,,Helsingin Energia,2892.226,,Finnish Energy Authority,http://www.energiavirasto.fi/en/voimalaitosrekisteri,ENTSOE (for generation only),https://transparency.entsoe.eu/generation/r2/installedCapacityPerProductionUnit/show,,,,,,,,Finland,Finland National Grid,,,Medium heavy distillates,Kampinkuja 2,HELEN,90,,,,,,
1002544,Suomenojan voimalaitos,Coal,358,Suomenojan voimalaitos,CHP,,,Fortum Power and Heat Oy,29.877,,Finnish Energy Authority,http://www.energiavirasto.fi/en/voimalaitosrekisteri,ENTSOE (for generation only),https://transparency.entsoe.eu/generation/r2/installedCapacityPerProductionUnit/show,,,,,,,,Finland,Finland National Grid,,,Natural gas,PL 100,FORTUM,48,,,,,,
1002631,Forssa kt,Oil,332.6,"Varavoimalantie 6, 30420 Forssa",,,,Fingrid Oyj,2.399,,Nord Pool Spot,https://umm.nordpoolspot.com/infra/stations/510,ENTSOE (for generation only),https://transparency.entsoe.eu/generation/r2/installedCapacityPerProductionUnit/show,,,,,,,,Finland,Finland National Grid,,,,PL 530,Helsinki,101,,,,,,
1002349,Ilomantsin pellettitehdas,Peat,2.8,Ilomantsi,CHP,,,Vapo Oy,,,Finnish Energy Authority,http://www.energiavirasto.fi/en/voimalaitosrekisteri,,,,,,,,,,Finland,Finland National Grid,,,Medium heavy distillates,PL 22,Jyväskylä,40101,,,,,,
1002356,Joensuu,Biomass,2.8,Joensuu,CHP,,,UPM-Kymmene Oyj,,,Finnish Energy Authority,http://www.energiavirasto.fi/en/voimalaitosrekisteri,,,,,,,,,,Finland,Finland National Grid,,,Peat,Ky-35,Kuusankoski,45700,,,,,,
1002368,Kaaranneskoski,Hydro,2.8,Kaaranneskoski,,,,Tornionlaakson Voima Oy-,,,Finnish Energy Authority,http://www.energiavirasto.fi/en/voimalaitosrekisteri,,,,,,,,,,Finland,Finland National Grid,,,,Myllytie 1,Pello,95700,,,,,,
1002322,Haapavesi,Natural Gas,2.7,Forssa,CHP,,,Vapo Oy,,,Finnish Energy Authority,http://www.energiavirasto.fi/en/voimalaitosrekisteri,,,,,,,,,,Finland,Finland National Grid,,,Forest fuelwood,PL 22,Jyväskylä,40101,,,,,,
1002521,Ruusutarhat,Natural gas,2.7,Valkeala,,,,Ruusutarhat Suutari Oy,,,Finnish Energy Authority,http://www.energiavirasto.fi/en/voimalaitosrekisteri,,,,,,,,,,Finland,Finland National Grid,,,Medium heavy distillates,Jyrääntie 400,45100   Kouvola,45100,,,,,,
1002587,Viikinmäki,Biomass,2.7,Viikinmäen jätevedenpuhdistamo,CHP,,,Helsingin Vesi,,,Finnish Energy Authority,http://www.energiavirasto.fi/en/voimalaitosrekisteri,,,,,,,,,,Finland,Finland National Grid,,,Medium heavy distillates,PL 1100,Helsingin kaupunki,99,,,,,,
1002327,Hankosaari 1-2 tv,Wind,2.6,Hangonsaari 1 ja 2,,,,Propel Voima Oy,,,Finnish Energy Authority,http://www.energiavirasto.fi/en/voimalaitosrekisteri,,,,,,,,,,Finland,Finland National Grid,,,,PL 11,Laitila,23801,,,,,,
1002323,Hamari,Hydro,2.5,"Hamari, Ylivieska",,,,Korpelan Voima kuntayhtymä,,,Finnish Energy Authority,http://www.energiavirasto.fi/en/voimalaitosrekisteri,,,,,,,,,,Finland,Finland National Grid,,,,PL 13,Kannus,69101,,,,,,
1002420,Kumpuniemi,Biomass,2.5,Vaneritehtaankatu 1 Suolahti,CHP,,,Kumpuniemen Voima Oy,,,Finnish Energy Authority,http://www.energiavirasto.fi/en/voimalaitosrekisteri,,,,,,,,,,Finland,Finland National Grid,,,,PL 43,Suolahti,44201,,,,,,
1002641,Pettumäen Mylly,Wind,2.5,Pettumäki Teuva,,,,Pettumäen Mylly oy,,,Finnish Energy Authority,http://www.energiavirasto.fi/en/voimalaitosrekisteri,,,,,,,,,,Finland,Finland National Grid,,,,Joentaustantie 291,Teuva,64700,,,,,,
1002652,Sysimylly,Wind,2.5,"Luomankyläntie 591, Luomankylä",,,,Sysituuli Oy,,,Finnish Energy Authority,http://www.energiavirasto.fi/en/voimalaitosrekisteri,,,,,,,,,,Finland,Finland National Grid,,,,Talvitie 333,Luomakylä,61810,,,,,,
1002654,Isonnevanmäki,Wind,2.5,"Isonnevanmäki, Kauhava",,,,Tuuliveikot Oy,,,Finnish Energy Authority,http://www.energiavirasto.fi/en/voimalaitosrekisteri,,,,,,,,,,Finland,Finland National Grid,,,,Mattilantie 34,Kortesjärvi,62420,,,,,,
1002487,Patalankoski,Hydro,2.4,Patala,,,,UPM-Kymmene Oyj,,,Finnish Energy Authority,http://www.energiavirasto.fi/en/voimalaitosrekisteri,,,,,,,,,,Finland,Finland National Grid,,,,Ky-35,Kuusankoski,45700,,,,,,
1002488,Peltokoski,Hydro,2.3,"Peltokoski, Karjaa",,,,Koskienergia Koskivoima Oy,,,Finnish Energy Authority,http://www.energiavirasto.fi/en/voimalaitosrekisteri,,,,,,,,,,Finland,Finland National Grid,,,,Kotakennääntie 31,Äänekoski,44100,,,,,,
1002617,Tahkoluoto Offshore tv,Wind,2.3,"Pori, Tahkoluodon edusta",,,,Suomen Hyötytuuli Oy,,,Finnish Energy Authority,http://www.energiavirasto.fi/en/voimalaitosrekisteri,,,,,,,,,,Finland,Finland National Grid,,,,PL 9,Pori,28101,,,,,,
1002382,Kattilakoski,Hydro,2.1,Kattilakoski,,,,Oy HERRFORS Ab,,,Finnish Energy Authority,http://www.energiavirasto.fi/en/voimalaitosrekisteri,,,,,,,,,,Finland,Finland National Grid,,,,Storgatan 8,68600 Jakobstad,,,,,,,
1002549,Sänkiaho,Oil,2.1,Sänkiahon 110/ 20 kV sähköasema,,,,Alajärven Sähkö Oy,,,Finnish Energy Authority,http://www.energiavirasto.fi/en/voimalaitosrekisteri,,,,,,,,,,Finland,Finland National Grid,,,,Kauppakatu 1,Alajärvi,62900,,,,,,
1002405,Kokkola tv 1 ja 2,Wind,2,"Kokkola T1, T2 (á 1 MW)",,,,Innopower Oy,,,Finnish Energy Authority,http://www.energiavirasto.fi/en/voimalaitosrekisteri,,,,,,,,,,Finland,Finland National Grid,,,,"Töölönkatu 4, PL40",Helsinki,101,,,,,,
1002421,Kuokkastenkoski,Hydro,2,"Nurmes, Kuokkastenkoski",,,,Pohjois-Karjalan Sähkö Oy,,,Finnish Energy Authority,http://www.energiavirasto.fi/en/voimalaitosrekisteri,,,,,,,,,,Finland,Finland National Grid,,,,Rantakatu 29,Joensuu,80100,,,,,,
1002432,Käenkoski,Hydro,2,Käenkoski,,,,Killin Voima Oy,,,Finnish Energy Authority,http://www.energiavirasto.fi/en/voimalaitosrekisteri,,,,,,,,,,Finland,Finland National Grid,,,,PL 25,Virrat,34801,,,,,,
1002590,"Inkoo, Barösund tv",Wind,2,Inkoo Barösund tv,,,,Saba Wind Oy Ab,,,Finnish Energy Authority,http://www.energiavirasto.fi/en/voimalaitosrekisteri,,,,,,,,,,Finland,Finland National Grid,,,,"c/o Ålands Företagsbyrå, Nygatan 9",Mariehamm,22100,,,,,,
1002451,Matarakoski,Hydro,11,Matarakoski,,,,Kemijoki Oy,,,Finnish Energy Authority,http://www.energiavirasto.fi/en/voimalaitosrekisteri,,,,,,,,,,Finland,Finland National Grid,,,,PL 8131,ROVANIEMI,96101,,,,,,
1002628,"Kemi Ajos, Sumituuli",Wind,2,Kemi Ajos Sumituuli,,,,Sumituuli Oy,,,Finnish Energy Authority,http://www.energiavirasto.fi/en/voimalaitosrekisteri,,,,,,,,,,Finland,Finland National Grid,,,,Vojakkalan vanhatie 43,Tornio,95500,,,,,,
1002498,Portimokoski,Hydro,11,Portimokoski,,,,Tornionlaakson Voima Oy-,,,Finnish Energy Authority,http://www.energiavirasto.fi/en/voimalaitosrekisteri,,,,,,,,,,Finland,Finland National Grid,,,,Myllytie 1,Pello,95700,,,,,,
1002650,Hilskansaari,Wind,2,"Merituulentie 11, Pori",,,,Pohjantuulen Voima Oy,,,Finnish Energy Authority,http://www.energiavirasto.fi/en/voimalaitosrekisteri,,,,,,,,,,Finland,Finland National Grid,,,,Rovakatu 13 A 39,Rovaniemi,96100,,,,,,
1002597,Wärtsilä tehdas,Oil,10.4,Wärtsilä Engine Laboratory,,,,Wärtsilä Finland Oy,,,Finnish Energy Authority,http://www.energiavirasto.fi/en/voimalaitosrekisteri,,,,,,,,,,Finland,Finland National Grid,,,Heavy distillates,Järvikatu 2-4,Vaasa,65100,,,,,,
1002670,Huikku Hailuoto,Wind,2,Huikku Hailuoto,,,,Huikku Tuulivoima Oy,,,Finnish Energy Authority,http://www.energiavirasto.fi/en/voimalaitosrekisteri,,,,,,,,,,Finland,Finland National Grid,,,,,,,,,,,,
1002480,Oulunsalo Riutunkari tv,Wind,10.3,"Oulunsalo, Riutunkari T1-T6",,,,Innopower Oy,,,Finnish Energy Authority,http://www.energiavirasto.fi/en/voimalaitosrekisteri,,,,,,,,,,Finland,Finland National Grid,,,,"Töölönkatu 4, PL40",Helsinki,101,,,,,,
1002448,Maavesi,Hydro,1.9,"Joroinen, Katajamäentie 1461, Maavesi",,,,Savon Voima Oyj,,,Finnish Energy Authority,http://www.energiavirasto.fi/en/voimalaitosrekisteri,,,,,,,,,,Finland,Finland National Grid,,,,PL 1024,Toivala,70901,,,,,,
1002351,Imatran Energia,Natural Gas,10,"Piikatu 16, 55120 Imatra",CHP,,,Imatran Energia Oy,,,Finnish Energy Authority,http://www.energiavirasto.fi/en/voimalaitosrekisteri,,,,,,,,,,Finland,Finland National Grid,,,,Karhumäenkatu 2,Imatra,55120,,,,,,
1002315,Billnäs,Hydro,1.8,"Billnäs, Pohja",,,,Koskienergia Koskivoima Oy,,,Finnish Energy Authority,http://www.energiavirasto.fi/en/voimalaitosrekisteri,,,,,,,,,,Finland,Finland National Grid,,,,Kotakennääntie 31,Äänekoski,44100,,,,,,
1002491,Pieksämäki,Peat,10,"Pieksämäki, Kutteritie 2A",CHP,,,Savon Voima Oyj,,,Finnish Energy Authority,http://www.energiavirasto.fi/en/voimalaitosrekisteri,,,,,,,,,,Finland,Finland National Grid,,,,PL 1024,Toivala,70101,,,,,,
1002362,Juntola,Hydro,1.8,"Juntola, Paimio",,,,Koskienergia Koskivoima Oy,,,Finnish Energy Authority,http://www.energiavirasto.fi/en/voimalaitosrekisteri,,,,,,,,,,Finland,Finland National Grid,,,,Kotakennääntie 31,Äänekoski,44100,,,,,,
1002637,Salo Märynummi,Wind,10,Salo Märynummi,,,,Tuuliwatti Oy,,,Finnish Energy Authority,http://www.energiavirasto.fi/en/voimalaitosrekisteri,,,,,,,,,,Finland,Finland National Grid,,,,Purotie 1,PL 100,(00)381,,,,,,
1002373,Kalajärvi,Hydro,1.8,"Kalajärvi, Seinäjoki",,,,Seinäjoen Energia Oy,,,Finnish Energy Authority,http://www.energiavirasto.fi/en/voimalaitosrekisteri,,,,,,,,,,Finland,Finland National Grid,,,,Varastotie 5,Seinäjoki,60100,,,,,,
1002388,Kelukoski,Hydro,9.8,Kelukoski,,,,Kemijoki Oy,,,Finnish Energy Authority,http://www.energiavirasto.fi/en/voimalaitosrekisteri,,,,,,,,,,Finland,Finland National Grid,,,,PL 8131,ROVANIEMI,96101,,,,,,
1002400,Koivukoski,Hydro,1.8,Koivukosken voimalaitos Kotka,,,,Kolsin Vesivoimantuotanto Oy,,,Finnish Energy Authority,http://www.energiavirasto.fi/en/voimalaitosrekisteri,,,,,,,,,,Finland,Finland National Grid,,,,Kolsintie 230,KOKEMÄKI,32800,,,,,,
1002328,Harabacka,Natural Gas,9.6,Harabacka,,,,,,,Finnish Energy Authority,http://www.energiavirasto.fi/en/voimalaitosrekisteri,,,,,,,,,,Finland,Finland National Grid,,,Medium heavy distillates,,,6100,,,,,,
1002458,Mustio,Hydro,1.8,"Mustio, Karjaa",,,,Koskienergia Koskivoima Oy,,,Finnish Energy Authority,http://www.energiavirasto.fi/en/voimalaitosrekisteri,,,,,,,,,,Finland,Finland National Grid,,,,Kotakennääntie 31,Äänekoski,44100,,,,,,
1002592,Vuolenkoski ve,Hydro,9.5,Vuolenkosken vesivoimalaitos,,,,Myllykoski Paper Oy,,,Finnish Energy Authority,http://www.energiavirasto.fi/en/voimalaitosrekisteri,,,,,,,,,,Finland,Finland National Grid,,,,Myllykoskentie 1,Anjalankoski,46800,,,,,,
1002533,Siikakoski,Hydro,1.8,Valkeala / Siikakoski,,,,KSS Energia Oy,,,Finnish Energy Authority,http://www.energiavirasto.fi/en/voimalaitosrekisteri,,,,,,,,,,Finland,Finland National Grid,,,,Paimenpolku 3,Kouvola,45100,,,,,,
1002619,"Simo, Putaankangas tv",Wind,9,"Simo, Putaankangas",,,,Tuuliwatti Oy,,,Finnish Energy Authority,http://www.energiavirasto.fi/en/voimalaitosrekisteri,,,,,,,,,,Finland,Finland National Grid,,,,Purotie 1,PL 100,(00)381,,,,,,
1002538,Soilu,Hydro,1.8,Soilu,,,,Koskienergia Koskivoima Oy,,,Finnish Energy Authority,http://www.energiavirasto.fi/en/voimalaitosrekisteri,,,,,,,,,,Finland,Finland National Grid,,,,Kotakennääntie 31,Äänekoski,44100,,,,,,
1002620,"Simo, Onkalonperä tv",Wind,9,"Simo, Onkaloperä tv",,,,Tuuliwatti Oy,,,Finnish Energy Authority,http://www.energiavirasto.fi/en/voimalaitosrekisteri,,,,,,,,,,Finland,Finland National Grid,,,,Purotie 1,PL 100,(00)381,,,,,,
1002584,Venetpalo,Hydro,1.8,Kärsämäki / Venetpalo,,,,Vattenfall Sähköntuotanto oy,,,Finnish Energy Authority,http://www.energiavirasto.fi/en/voimalaitosrekisteri,,,,,,,,,,Finland,Finland National Grid,,,,Maaistraatinportti 4 A,Helsinki,240,,,,,,
1002591,Voikkaa ve 1,Hydro,8.9,Voikkaa 1,,,,UPM-Kymmene Oyj,,,Finnish Energy Authority,http://www.energiavirasto.fi/en/voimalaitosrekisteri,,,,,,,,,,Finland,Finland National Grid,,,,Ky-35,Kuusankoski,45700,,,,,,
1002596,Vääräkoski,Hydro,1.8,"Tohmajärvi, Vääräkoski",,,,Pohjois-Karjalan Sähkö Oy,,,Finnish Energy Authority,http://www.energiavirasto.fi/en/voimalaitosrekisteri,,,,,,,,,,Finland,Finland National Grid,,,,Rantakatu 29,Joensuu,80100,,,,,,
1002546,Säkylä,Oil,8.8,Säkylä,CHP,,,Voimavasu Oy,,,Finnish Energy Authority,http://www.energiavirasto.fi/en/voimalaitosrekisteri,,,,,,,,,,Finland,Finland National Grid,,,,PL 22,Jyväskylä,40101,,,,,,
1002367,Järvelän vaneritehdas,Biomass,1.6,"Koskisen Oy, Järvelän levyteollisuus",CHP,,,Koskipower Oy,,,Finnish Energy Authority,http://www.energiavirasto.fi/en/voimalaitosrekisteri,,,,,,,,,,Finland,Finland National Grid,,,Forest fuelwood,Tehdastie 2,JÄRVELÄ,16600,,,,,,
1002555,Tammerkoski,Hydro,8.6,Tammerkoski,,,,Tampereen Sähkölaitos,,,Finnish Energy Authority,http://www.energiavirasto.fi/en/voimalaitosrekisteri,,,,,,,,,,Finland,Finland National Grid,,,,PL 175,TAMPERE,33101,,,,,,
1002398,Kissakoski,Hydro,1.6,"Hirvensalmi, Kissakoski",,,,SUUR-SAVON SÄHKÖ Oy,,,Finnish Energy Authority,http://www.energiavirasto.fi/en/voimalaitosrekisteri,,,,,,,,,,Finland,Finland National Grid,,,,"Otto Mannisen katu 6, PL 3",Mikkeli,50101,,,,,,
1002339,Hirvikoski,Hydro,8.5,Nurmo / Hirvikoski,,,,Vattenfall Sähköntuotanto oy,,,Finnish Energy Authority,http://www.energiavirasto.fi/en/voimalaitosrekisteri,,,,,,,,,,Finland,Finland National Grid,,,,Maaistraatinportti 4 A,Helsinki,240,,,,,,
1002523,Saario,Hydro,1.6,"Tohmajärvi, Saario",,,,Pohjois-Karjalan Sähkö Oy,,,Finnish Energy Authority,http://www.energiavirasto.fi/en/voimalaitosrekisteri,,,,,,,,,,Finland,Finland National Grid,,,,Rantakatu 29,Joensuu,80100,,,,,,
1002409,Korkeakoski,Hydro,8.5,Korkeakosken voimalaitos Kotka,,,,Kolsin Vesivoimantuotanto Oy,,,Finnish Energy Authority,http://www.energiavirasto.fi/en/voimalaitosrekisteri,,,,,,,,,,Finland,Finland National Grid,,,,Kolsintie 230,KOKEMÄKI,32800,,,,,,
1002634,Lumijoki,Wind,1.6,Lumijoki,,,,Lumituuli Oy,,,Finnish Energy Authority,http://www.energiavirasto.fi/en/voimalaitosrekisteri,,,,,,,,,,Finland,Finland National Grid,,,,Eerikinkatu 27,Helsinki,180,,,,,,
1002519,Ristiina,Biomass,8.5,Ristiina,CHP,,,Järvi-Suomen Voima Oy,,,Finnish Energy Authority,http://www.energiavirasto.fi/en/voimalaitosrekisteri,,,,,,,,,,Finland,Finland National Grid,,,Heavy distillates,Töölönkatu 4,Helsinki,100,,,,,,
1002658,Sähkäle  II,Wind,1.6,"Sähkäle II, Lumijoki",,,,Lumituuli Oy,,,Finnish Energy Authority,http://www.energiavirasto.fi/en/voimalaitosrekisteri,,,,,,,,,,Finland,Finland National Grid,,,,Eerikinkatu 27,Helsinki,180,,,,,,
1002680,Myllykangas 3,Wind,8.4,Tuulijärventie 1338,,,,Myllykankaan Tuulipuisto II Ky,,,Finnish Energy Authority,http://www.energiavirasto.fi/en/voimalaitosrekisteri,,,,,,,,,,Finland,Finland National Grid,,,,"c/o Taaleritehdas Oyj, Kluuvikatu 3",Helsinki,100,,,,,,
1002324,Haminan höyrykattilalaitos,Natural Gas,1.5,Hamina,CHP,,,Haminan Energia Oy,,,Finnish Energy Authority,http://www.energiavirasto.fi/en/voimalaitosrekisteri,,,,,,,,,,Finland,Finland National Grid,,,,Reutsinkatu 12,Hamina,48810,,,,,,
1002589,"Hanko, Sändö tv 1-4",Wind,8,"Hanko, Sändö tv 1-4",,,,Saba Wind Oy Ab,,,Finnish Energy Authority,http://www.energiavirasto.fi/en/voimalaitosrekisteri,,,,,,,,,,Finland,Finland National Grid,,,,"c/o Ålands Företagsbyrå, Nygatan 9",Mariehamm,22100,,,,,,
1002326,Hanhikoski,Hydro,1.5,Evijärvi / Hanhikoski,,,,Vattenfall Sähköntuotanto oy,,,Finnish Energy Authority,http://www.energiavirasto.fi/en/voimalaitosrekisteri,,,,,,,,,,Finland,Finland National Grid,,,,Maaistraatinportti 4 A,Helsinki,240,,,,,,
1002623,"Hamina, Mäkelänkangas tv",Wind,8,"Hamina, Mäkelänkangas tv",,,,Suomen Voima Oy,,,Finnish Energy Authority,http://www.energiavirasto.fi/en/voimalaitosrekisteri,,,,,,,,,,Finland,Finland National Grid,,,,Mannerheiminkatu 24,06100 Porvoo,,,,,,,
1002340,"Hoikankangas, Kajaanin sähkölaitos",Oil,1.5,"Hoikankangas, Kajaanin sähkölaitos",CHP,,,Puolustushallinnon rakennuslaitos,,,Finnish Energy Authority,http://www.energiavirasto.fi/en/voimalaitosrekisteri,,,,,,,,,,Finland,Finland National Grid,,,,"Unioninkatu 8, PL 199",Helsinki,131,,,,,,
1002392,Kierikki,Hydro,38,kierikki,,,,PVO Vesivoima Oy,,,Finnish Energy Authority,http://www.energiavirasto.fi/en/voimalaitosrekisteri,,,,,,,,,,Finland,Finland National Grid,,,,Virkkulantie 207,91100 Ii,91100,,,,,,
1002431,Kyrkösjärvi,Hydro,7.8,"Kyrkösjärvi, Seinäjoki",,,,Seinäjoen Energia Oy,,,Finnish Energy Authority,http://www.energiavirasto.fi/en/voimalaitosrekisteri,,,,,,,,,,Finland,Finland National Grid,,,,Varastotie 5,Seinäjoki,60100,,,,,,
1002464,Mänttä ve,Hydro,1.5,Mäntänkoskentie 15 Mänttä,,,,Mäntän Energia Oy,,,Finnish Energy Authority,http://www.energiavirasto.fi/en/voimalaitosrekisteri,,,,,,,,,,Finland,Finland National Grid,,,,Lampilinnantie 4,Mänttä,35800,,,,,,
1002532,Seitenoikea,Hydro,37.9,Seitenoikea,,,,"Fortum Power & Heat , Generation",,,Finnish Energy Authority,http://www.energiavirasto.fi/en/voimalaitosrekisteri,,,,,,,,,,Finland,Finland National Grid,,,,Keilaniementie 1,PL 100,00048 Fortum,,,,,,
1002562,Tolkkinen 1,Biomass,7.8,Tolkkinen,CHP,,,Porvoon Energia Oy,,,Finnish Energy Authority,http://www.energiavirasto.fi/en/voimalaitosrekisteri,,,,,,,,,,Finland,Finland National Grid,,,Heavy distillates,,,6100,,,,,,
1002586,Vihtakoski,Hydro,1.5,"Joensuu, Vihtakoski",,,,Pohjois-Karjalan Sähkö Oy,,,Finnish Energy Authority,http://www.energiavirasto.fi/en/voimalaitosrekisteri,,,,,,,,,,Finland,Finland National Grid,,,,Rantakatu 29,Joensuu,80100,,,,,,
1002306,Aittaluoto 2,Peat,36,Pori Aittaluoto 2,,,,Pori Energia Oy,,,Finnish Energy Authority,http://www.energiavirasto.fi/en/voimalaitosrekisteri,,,,,,,,,,Finland,Finland National Grid,,,Industrial wood residues,PL 9 (Radanvarsi 2),PORI,28101,,,,,,
1002372,Kaitfors,Hydro,7.6,Kaitfors,,,,Oy Perhonjoki Ab,,,Finnish Energy Authority,http://www.energiavirasto.fi/en/voimalaitosrekisteri,,,,,,,,,,Finland,Finland National Grid,,,,Storgatan 8,68600 Jakobstad,,,,,,,
1002635,Valkeisten voima,Wind,1.5,Seinäjoki,,,,Mika Manni,,,Finnish Energy Authority,http://www.energiavirasto.fi/en/voimalaitosrekisteri,,,,,,,,,,Finland,Finland National Grid,,,,Ojajärventie 97,Louko,61190,,,,,,
1002640,Tornio Kitkiäisvaara,Wind,36,Tornio Kitkiäisvaara,,,,Tuuliwatti Oy,,,Finnish Energy Authority,http://www.energiavirasto.fi/en/voimalaitosrekisteri,,,,,,,,,,Finland,Finland National Grid,,,,Purotie 1,PL 100,(00)381,,,,,,
1002667,Kankaanpäänmäki,Wind,7.5,Kankaanpäänmäki,,,,SPC1- Kankaanpäänmäki Oy,,,Finnish Energy Authority,http://www.energiavirasto.fi/en/voimalaitosrekisteri,,,,,,,,,,Finland,Finland National Grid,,,,Sydänmaantie 340,,,,,,,,
1002539,Soininkoski,Hydro,1.42,Soininkoski,,,,Killin Voima Oy,,,Finnish Energy Authority,http://www.energiavirasto.fi/en/voimalaitosrekisteri,,,,,,,,,,Finland,Finland National Grid,,,,PL 25,Virrat,34801,,,,,,
1002543,Sunila,Biomass,35.7,"Kotka, Sunila",CHP,,,Stora Enso Oyj,,,Finnish Energy Authority,http://www.energiavirasto.fi/en/voimalaitosrekisteri,,,,,,,,,,Finland,Finland National Grid,,,Industrial wood residues,Sunilantie 1,Sunila,48900,,,,,,
1002376,Kankaanpää,Oil,7,Kankaanpää,,,,Vatajankosken Sähkö Oy,,,Finnish Energy Authority,http://www.energiavirasto.fi/en/voimalaitosrekisteri,,,,,,,,,,Finland,Finland National Grid,,,,Vuohiniityntie 2,Kankaanpää,,,,,,,
1002364,Juva,Hydro,1.4,"Juva, Tarvasjoki",,,,Koskienergia Koskivoima Oy,,,Finnish Energy Authority,http://www.energiavirasto.fi/en/voimalaitosrekisteri,,,,,,,,,,Finland,Finland National Grid,,,,Kotakennääntie 31,Äänekoski,44100,,,,,,
1002499,Porttipahta,Hydro,35,Porttipahta,,,,Kemijoki Oy,,,Finnish Energy Authority,http://www.energiavirasto.fi/en/voimalaitosrekisteri,,,,,,,,,,Finland,Finland National Grid,,,,PL 8131,ROVANIEMI,96101,,,,,,
1002440,Lieksa Kevätniemi,Peat,7,Lieksa,CHP,,,Vapo Oy,,,Finnish Energy Authority,http://www.energiavirasto.fi/en/voimalaitosrekisteri,,,,,,,,,,Finland,Finland National Grid,,,Medium heavy distillates,PL 22,Jyväskylä,40101,,,,,,
1002582,Vehmaa,Biomass,1.4,markku.ahlqvist@biovakka.fi,CHP,,,Biovakka Suomi Oy,,,Finnish Energy Authority,http://www.energiavirasto.fi/en/voimalaitosrekisteri,,,,,,,,,,Finland,Finland National Grid,,,,Kalannintie 191,Vehmaa,23200,,,,,,
1002604,Äänekoski ht,Biomass,35,Äänevoima Oy,CHP,,,Äänevoima Oy,,,Finnish Energy Authority,http://www.energiavirasto.fi/en/voimalaitosrekisteri,,,,,,,,,,Finland,Finland National Grid,,,Forest fuelwood,PL 200,ÄÄNEKOSKI,44101,,,,,,
1002608,Hyötyvoimalaitos,Waste,7,Hyötyvoimalaitos,CHP,,,Kotkan Energia Oy,,,Finnish Energy Authority,http://www.energiavirasto.fi/en/voimalaitosrekisteri,,,,,,,,,,Finland,Finland National Grid,,,Natural gas,Kotkantie 2,Kotka,48100,,,,,,
1002313,Askala,Hydro,1.3,"Askala, Paimio",,,,Koskienergia Koskivoima Oy,,,Finnish Energy Authority,http://www.energiavirasto.fi/en/voimalaitosrekisteri,,,,,,,,,,Finland,Finland National Grid,,,,Kotakennääntie 31,Äänekoski,44100,,,,,,
1002535,Simpele,Peat,34.5,Simpele,CHP,,,Metsä Board Oyj,,,Finnish Energy Authority,http://www.energiavirasto.fi/en/voimalaitosrekisteri,,,,,,,,,,Finland,Finland National Grid,,,Heavy distillates,Revontulentie 6,Espoo,2100,,,,,,
1002630,"Ii, Kuivaniemi tv",Wind,7,"Ii, Kuivaniemi tv",,,,Vapo Oy,,,Finnish Energy Authority,http://www.energiavirasto.fi/en/voimalaitosrekisteri,,,,,,,,,,Finland,Finland National Grid,,,,PL 22,Jyväskylä,40100,,,,,,
1002438,Lestijärvi,Separate electricity production,1.3,Lestijärvi,,,,Verkko Korpela Oy,,,Finnish Energy Authority,http://www.energiavirasto.fi/en/voimalaitosrekisteri,,,,,,,,,,Finland,Finland National Grid,,,,PL 13,Kannus,69101,,,,,,
1002625,"Ii, Olhava tv",Wind,33.9,Ii Olhava,,,,Tuuliwatti Oy,,,Finnish Energy Authority,http://www.energiavirasto.fi/en/voimalaitosrekisteri,,,,,,,,,,Finland,Finland National Grid,,,,Purotie 1,PL 100,(00)381,,,,,,
1002504,Puntarikoski,Hydro,6.9,"Kontiolahti, Puntarikoski",,,,Pohjois-Karjalan Sähkö Oy,,,Finnish Energy Authority,http://www.energiavirasto.fi/en/voimalaitosrekisteri,,,,,,,,,,Finland,Finland National Grid,,,,Rantakatu 29,Joensuu,80100,,,,,,
1002655,Mäkikankaan tuulipuisto,Wind,33,"Mäkikankaan tuulipuisto, Pyhäjoki",,,,wpd Mäkikankaan tuulipuisto Oy,,,Finnish Energy Authority,http://www.energiavirasto.fi/en/voimalaitosrekisteri,,,,,,,,,,Finland,Finland National Grid,,,,Keilaranta 13,Espoo,2150,,,,,,
1002459,Myllykoski,Hydro,1.3,Myllykoski,,,,Koskienergia Koskivoima Oy,,,Finnish Energy Authority,http://www.energiavirasto.fi/en/voimalaitosrekisteri,,,,,,,,,,Finland,Finland National Grid,,,,Kotakennääntie 31,Äänekoski,44100,,,,,,
1002335,Hilmonkoski,Hydro,6.8,Kannonkoski / Hilmonkoski,,,,Vattenfall Sähköntuotanto oy,,,Finnish Energy Authority,http://www.energiavirasto.fi/en/voimalaitosrekisteri,,,,,,,,,,Finland,Finland National Grid,,,,Maaistraatinportti 4 A,Helsinki,240,,,,,,
1002517,Rengon saha,Biomass,1.3,Renko,CHP,,,Biokraft Oy,,,Finnish Energy Authority,http://www.energiavirasto.fi/en/voimalaitosrekisteri,,,,,,,,,,Finland,Finland National Grid,,,Industrial wood residues,c/o Vapo Oy,PL 22,40101,,,,,,
1002461,Myllykoski vp,Natural Gas,32.8,"Myllykoskentie 1, Anjalankoski",CHP,,,UPM,,,Finnish Energy Authority,http://www.energiavirasto.fi/en/voimalaitosrekisteri,,,,,,,,,,Finland,Finland National Grid,,,Medium heavy distillates,Hatanpään Valtatie,Tampere,240,,,,,,
1002483,Palokki,Hydro,6.8,"Heinävesi, Palokki",,,,Pohjois-Karjalan Sähkö Oy,,,Finnish Energy Authority,http://www.energiavirasto.fi/en/voimalaitosrekisteri,,,,,,,,,,Finland,Finland National Grid,,,,Rantakatu 29,Joensuu,80100,,,,,,
1002541,Sotkamo,Peat,1.3,Sotkamo,CHP,,,Vapo Oy,,,Finnish Energy Authority,http://www.energiavirasto.fi/en/voimalaitosrekisteri,,,,,,,,,,Finland,Finland National Grid,,,Medium heavy distillates,PL 22,Jyväskylä,40101,,,,,,
1002319,Haapakoski,Hydro,32.5,haapakoski,,,,PVO Vesivoima Oy,,,Finnish Energy Authority,http://www.energiavirasto.fi/en/voimalaitosrekisteri,,,,,,,,,,Finland,Finland National Grid,,,,Virkkulantie 207,91100 Ii,91100,,,,,,
1002334,Hietamankoski,Hydro,6.7,Äänekoski / Hietamankoski,,,,Vattenfall Sähköntuotanto oy,,,Finnish Energy Authority,http://www.energiavirasto.fi/en/voimalaitosrekisteri,,,,,,,,,,Finland,Finland National Grid,,,,Maaistraatinportti 4 A,Helsinki,240,,,,,,
1002624,Toholampi,Biomass,1.3,Toholampi,CHP,,,Toholammin Energia Oy,,,Finnish Energy Authority,http://www.energiavirasto.fi/en/voimalaitosrekisteri,,,,,,,,,,Finland,Finland National Grid,,,Industrial wood residues,Lampintie 5,Toholampi,69300,,,,,,
1002375,Kaltimo,Hydro,32,Kaltimo,,,,UPM-Kymmene Oyj,,,Finnish Energy Authority,http://www.energiavirasto.fi/en/voimalaitosrekisteri,,,,,,,,,,Finland,Finland National Grid,,,,KY-35,Kuusankoski,45700,,,,,,
1002656,Pori Kirrinsanta,Wind,6.6,Pori Kirrinsanta,,,,Suomen Hyötytuuli Oy,,,Finnish Energy Authority,http://www.energiavirasto.fi/en/voimalaitosrekisteri,,,,,,,,,,Finland,Finland National Grid,,,,PL 9,Pori,28101,,,,,,
1002316,Björkfors,Hydro,1.2,Björkfors,,,,Oy HERRFORS Ab,,,Finnish Energy Authority,http://www.energiavirasto.fi/en/voimalaitosrekisteri,,,,,,,,,,Finland,Finland National Grid,,,,Storgatan 8,68600 Jakobstad,,,,,,,
1002505,Pursiala 2,Peat,32,Pursiala 2,CHP,,,Etelä-Savon Energia Oy,,,Finnish Energy Authority,http://www.energiavirasto.fi/en/voimalaitosrekisteri,,,,,,,,,,Finland,Finland National Grid,,,Industrial wood residues,Vuorikatu 19,MIKKELI,50100,,,,,,
1002665,Pajukoski 1 A,Wind,6.6,Pajukoski 1A,,,,Windfarm Ylivieska Pajukoski Ky,,,Finnish Energy Authority,http://www.energiavirasto.fi/en/voimalaitosrekisteri,,,,,,,,,,Finland,Finland National Grid,,,,Kluuvikatu 3,Helsinki,`00100,,,,,,
1002369,Kaarni,Hydro,1.2,Kaarni,,,,Rovakairan Tuotanto Oy,,,Finnish Energy Authority,http://www.energiavirasto.fi/en/voimalaitosrekisteri,,,,,,,,,,Finland,Finland National Grid,,,,PL 8013,Rovaniemi,96101,,,,,,
1002309,Alholma AK 1,Biomass,30,AK1,,,,Oy Alholmens Kraft Ab,,,Finnish Energy Authority,http://www.energiavirasto.fi/en/voimalaitosrekisteri,,,,,,,,,,Finland,Finland National Grid,,,,PB 250,JAKOBSTAD,68601,,,,,,
1002672,Haapajärvi Sauviinmäki,Wind,6.6,Haapajärvi Sauviinmäki,,,,Haapajärvi Sauviinmäki Tuulivoima Oy,,,Finnish Energy Authority,http://www.energiavirasto.fi/en/voimalaitosrekisteri,,,,,,,,,,Finland,Finland National Grid,,,,Jaakonkatu 3B 7 krs.,Helsinki,100,,,,,,
1002410,Koskensaari,Oil,1.2,Koskensaaren voimalaitos,,,,Helsingin Rauta Oy,,,Finnish Energy Authority,http://www.energiavirasto.fi/en/voimalaitosrekisteri,,,,,,,,,,Finland,Finland National Grid,,,,Naulatehtaantie 27,KINTAUS,41920,,,,,,
1002403,Kokkola,Peat,30,Kokkolan voimalaitos,CHP,,,Kokkolan Energia Oy,,,Finnish Energy Authority,http://www.energiavirasto.fi/en/voimalaitosrekisteri,,,,,,,,,,Finland,Finland National Grid,,,Heavy distillates,PL 165,Kokkola,67101,,,,,,
1002314,Atro,Hydro,6.5,"Lapinlahti, Voimalaitoksentie 1, Syvärinpää",,,,Savon Voima Oyj,,,Finnish Energy Authority,http://www.energiavirasto.fi/en/voimalaitosrekisteri,,,,,,,,,,Finland,Finland National Grid,,,,PL 1024,Toivala,70901,,,,,,
1002446,Långfors,Hydro,1.2,Långfors,,,,Oy HERRFORS Ab,,,Finnish Energy Authority,http://www.energiavirasto.fi/en/voimalaitosrekisteri,,,,,,,,,,Finland,Finland National Grid,,,,Storgatan 8,68600 Jakobstad,,,,,,,
1002429,Kuusankoski ve,Hydro,30,Kuusankoski,,,,UPM-Kymmene Oyj,,,Finnish Energy Authority,http://www.energiavirasto.fi/en/voimalaitosrekisteri,,,,,,,,,,Finland,Finland National Grid,,,,Ky-35,Kuusankoski,45700,,,,,,
1002401,Koivukoski 1 ja 2,Hydro,6.5,Koivukoski 1 ja 2,,,,Kainuun Voima Oy,,,Finnish Energy Authority,http://www.energiavirasto.fi/en/voimalaitosrekisteri,,,,,,,,,,Finland,Finland National Grid,,,,Tehdaskatu 17,PL 302,87101 Kajaani,,,,,,
1002524,Sallila,Hydro,1.2,Sallila (Vampulan kunnassa),,,,Sallila Energia Oy,,,Finnish Energy Authority,http://www.energiavirasto.fi/en/voimalaitosrekisteri,,,,,,,,,,Finland,Finland National Grid,,,,Loimijoentie 65,Alastaro,32440,,,,,,
1002449,Mankala,Hydro,30,Mankala,,,,Oy Mankala Ab,,,Finnish Energy Authority,http://www.energiavirasto.fi/en/voimalaitosrekisteri,,,,,,,,,,Finland,Finland National Grid,,,,Sitikkalantie 189,KAUSALA,47400,,,,,,
1002330,Harjavalta,Oil,6.3,Harjavalta,CHP,,,Suomen Teollisuuden Energiapalvelut - STEP Oy,,,Finnish Energy Authority,http://www.energiavirasto.fi/en/voimalaitosrekisteri,,,,,,,,,,Finland,Finland National Grid,,,,PL 9 (Radanvarsi 2),Pori,28101,,,,,,
1002595,Värnå,Hydro,1.2,"Värnå 1, Värnå 2",,,,Esse Elektro-Kraft Ab,,,Finnish Energy Authority,http://www.energiavirasto.fi/en/voimalaitosrekisteri,,,,,,,,,,Finland,Finland National Grid,,,,Seinpottvägen 3,Esse,68820,,,,,,
1002545,Suosiola,Peat,30,"Lampelankatu 24, Suosiola",CHP,,,ROVANIEMEN ENERGIA OY,,,Finnish Energy Authority,http://www.energiavirasto.fi/en/voimalaitosrekisteri,,,,,,,,,,Finland,Finland National Grid,,,Industrial wood residues,Koskikatu 27,96101 ROVANIEMI,96100,,,,,,
1002338,Hinkua,Hydro,6.3,Haapajärvi / Hinkua,,,,Vattenfall Sähköntuotanto oy,,,Finnish Energy Authority,http://www.energiavirasto.fi/en/voimalaitosrekisteri,,,,,,,,,,Finland,Finland National Grid,,,,Maaistraatinportti 4 A,Helsinki,240,,,,,,
1002606,Kemi Ajos Innopower,Wind,30,Kemi: Ajos  T2-T11,,,,Innopower Oy,,,Finnish Energy Authority,http://www.energiavirasto.fi/en/voimalaitosrekisteri,,,,,,,,,,Finland,Finland National Grid,,,,"Töölönkatu 4, PL40",Helsinki,101,,,,,,
1002466,"Naantali, G1, 2 ja 3",Natural Gas,290,Naantalin voimalaitos,CHP,,,Turun Seudun Energiantuotanto Oy,817.67,,Finnish Energy Authority,http://www.energiavirasto.fi/en/voimalaitosrekisteri,ENTSOE (for generation only),https://transparency.entsoe.eu/generation/r2/installedCapacityPerProductionUnit/show,,,,,,,,Finland,Finland National Grid,,,Heavy distillates,PL 547,FORTUM,48,,,,,,
1002310,Alholma AK 2,Peat,240,AK2,,,,Oy Alholmens Kraft Ab,598.586,,Finnish Energy Authority,http://www.energiavirasto.fi/en/voimalaitosrekisteri,ENTSOE (for generation only),https://transparency.entsoe.eu/generation/r2/installedCapacityPerProductionUnit/show,,,,,,,,Finland,Finland National Grid,,,Hard coal and anthracite,PB 250,JAKOBSTAD,68601,,,,,,
1002578,Vaskiluoto 2,Coal,230,Vaasa ( Vaskiluoto 2 ),CHP,,,Vaskiluodon Voima Oy,930.881,,Finnish Energy Authority,http://www.energiavirasto.fi/en/voimalaitosrekisteri,ENTSOE (for generation only),https://transparency.entsoe.eu/generation/r2/installedCapacityPerProductionUnit/show,,,,,,,,Finland,Finland National Grid,,,Heavy distillates,Frilundintie 7,Vaasa,65170,,,,,,
1002325,Hanasaari B,Coal,212,Hanasaari B,CHP,,,Helsingin Energia,635.153,,Finnish Energy Authority,http://www.energiavirasto.fi/en/voimalaitosrekisteri,ENTSOE (for generation only),https://transparency.entsoe.eu/generation/r2/installedCapacityPerProductionUnit/show,,,,,,,,Finland,Finland National Grid,,,Heavy distillates,Kampinkuja 2,HELEN,90,,,,,,
1002430,Kymijärvi,Waste,195,"Kymijärvi Voimakatu 16, Lahti",CHP,,,Lahti Energia Oy,359.211,,Lahtigasification,http://www.lahtigasification.com/power-plant,ENTSOE (for generation only),https://transparency.entsoe.eu/generation/r2/installedCapacityPerProductionUnit/show,,,,,,,,Finland,Finland National Grid,,,Natural gas,,,15141,,,,,,
1002563,Toppila 1 ja 2,Peat,195,"Tervahovintie 10, Oulu, Toppilan voimalaitokset",CHP,,,Oulun Energia,354.963,,Finnish Energy Authority,http://www.energiavirasto.fi/en/voimalaitosrekisteri,ENTSOE (for generation only),https://transparency.entsoe.eu/generation/r2/installedCapacityPerProductionUnit/show,,,,,,,,Finland,Finland National Grid,,,Industrial wood residues,"Kasarmintie 6, PL 116",Oulu,90101,,,,,,
1002350,Imatra,Hydro,192,Imatra,,,,Fortum Power & Heat OY,,,Fortum Refurbishing 2014,https://www.fortum.com/SiteCollectionDocuments/Products%20and%20services/References/Imatra-EN.pdf,,,,,,,,,,Finland,Finland National Grid,,,,Keilaniementie 1,PL 100,00048 Fortum,,,,,,
1002616,Keljonlahti,Peat,190,Keljonrannantie 276,CHP,,,Jyväskylän Voima Oy,569.919,,Finnish Energy Authority,http://www.energiavirasto.fi/en/voimalaitosrekisteri,ENTSOE (for generation only),https://transparency.entsoe.eu/generation/r2/installedCapacityPerProductionUnit/show,,,,,,,,Finland,Finland National Grid,,,Forest fuelwood,PL 4,Jyväskylä,40101,,,,,,
1002490,Petäjäskoski,Hydro,182,Petäjäskoski,,,,Kemijoki Oy,,,Finnish Energy Authority,http://www.energiavirasto.fi/en/voimalaitosrekisteri,,,,,,,,,,Finland,Finland National Grid,,,,PL 8131,ROVANIEMI,96101,,,,,,
1002343,Huutokoski kt,Oil,180,"Huutokoski kt 1, 2, 3, 4, 5, 6",CHP,,,Fingrid Oyj,,,Finnish Energy Authority,http://www.energiavirasto.fi/en/voimalaitosrekisteri,,,,,,,,,,Finland,Finland National Grid,,,,PL 530 ( Arkadiakatu 23 B),Helsinki,100,,,,,,
1002331,Hattarfors,Hydro,1.1,Hattar kraftverk,,,,Esse Elektro-Kraft Ab,,,Finnish Energy Authority,http://www.energiavirasto.fi/en/voimalaitosrekisteri,,,,,,,,,,Finland,Finland National Grid,,,,Seinpottvägen 3,Esse,68820,,,,,,
1002495,Pitkämö,Hydro,6.3,"Pitkämö, Kurikka",,,,Koskienergia Koskivoima Oy,,,Finnish Energy Authority,http://www.energiavirasto.fi/en/voimalaitosrekisteri,,,,,,,,,,Finland,Finland National Grid,,,,Kotakennääntie 31,Äänekoski,44100,,,,,,
1002379,Karvetti,Oil,1.1,Rautakatu 7 Naantali,,,,Naantalin Energia Oy,,,Finnish Energy Authority,http://www.energiavirasto.fi/en/voimalaitosrekisteri,,,,,,,,,,Finland,Finland National Grid,,,Medium heavy distillates,PL 33,Naantali,21101,,,,,,
1002626,"Tervola, Varevaara tv",Wind,30,Tervola Varevaara,,,,Tuuliwatti Oy,,,Finnish Energy Authority,http://www.energiavirasto.fi/en/voimalaitosrekisteri,,,,,,,,,,Finland,Finland National Grid,,,,Purotie 1,PL 100,(00)381,,,,,,
1002598,Ylivieska,Peat,6.2,"Tulolantien voimalaitos, Ylivieska, Vieskan Voima",CHP,,,Oy Perhonjoki AB,,,Finnish Energy Authority,http://www.energiavirasto.fi/en/voimalaitosrekisteri,,,,,,,,,,Finland,Finland National Grid,,,,Isokatu 8,68600 Pietarsaari,100,,,,,,
1002443,Liunankoski,Hydro,1.1,"Joroinen, Liunantie 79",,,,Savon Voima Oyj,,,Finnish Energy Authority,http://www.energiavirasto.fi/en/voimalaitosrekisteri,,,,,,,,,,Finland,Finland National Grid,,,,PL 1024,Toivala,70901,,,,,,
1002611,Tornio tv,Wind,28.8,Tornio; tuulivoimalaitokset A1-A8,,,,Rajakiiri Oy,,,Finnish Energy Authority,http://www.energiavirasto.fi/en/voimalaitosrekisteri,,,,,,,,,,Finland,Finland National Grid,,,,Frilundintie 7,Vaasa,65170,,,,,,
1002348,Ikaalinen,Natural Gas,6,Ikaalinen,CHP,,,Leppäkosken Sähkö Oy,,,Finnish Energy Authority,http://www.energiavirasto.fi/en/voimalaitosrekisteri,,,,,,,,,,Finland,Finland National Grid,,,,PL 1,Ikaalinen,39501,,,,,,
1002336,Hilskansaari,Wind,1,"Pori, Hilskansaari",,,,Kansallistuuli Oy,,,Finnish Energy Authority,http://www.energiavirasto.fi/en/voimalaitosrekisteri,,,,,,,,,,Finland,Finland National Grid,,,,Linnankatu 20 A,Turku,20100,,,,,,
1002478,Oulu T210 ja T213,Peat,28,Oulu,CHP,,,Laanilan Voima Oy,,,Finnish Energy Authority,http://www.energiavirasto.fi/en/voimalaitosrekisteri,,,,,,,,,,Finland,Finland National Grid,,,Industrial wood residues,PL 191  (Typpitie),Oulu,90101,,,,,,
1002427,Kuusamo,Biomass,6,Kuusamon voimalaitos,CHP,,,Adven Oy,,,Finnish Energy Authority,http://www.energiavirasto.fi/en/voimalaitosrekisteri,,,,,,,,,,Finland,Finland National Grid,,,Peat,PL 162,Vantaa,1511,,,,,,
1002355,Jalasjoki/Niiles,Hydro,1,"Jalasjoki (Niiles), Kurikka",,,,Koskienergia Koskivoima Oy,,,Finnish Energy Authority,http://www.energiavirasto.fi/en/voimalaitosrekisteri,,,,,,,,,,Finland,Finland National Grid,,,,Kotakennääntie 31,Äänekoski,44100,,,,,,
1002505,Pursiala 1,Peat,27.7,Pursiala 1,CHP,,,Etelä-Savon Energia Oy,,,Finnish Energy Authority,http://www.energiavirasto.fi/en/voimalaitosrekisteri,,,,,,,,,,Finland,Finland National Grid,,,Industrial wood residues,Vuorikatu 19,MIKKELI,50100,,,,,,
1002605,Äänekoski ve,Hydro,6,Metsä Board Äänekosken vesivoimalaitos,,,,Metsä Board Oyj,,,Finnish Energy Authority,http://www.energiavirasto.fi/en/voimalaitosrekisteri,,,,,,,,,,Finland,Finland National Grid,,,,Revontulentie 6,Espoo,2100,,,,,,
1002396,Kirakkaköngäs,Hydro,1,Kirakkaköngäs,,,,Inergia Oy,,,Finnish Energy Authority,http://www.energiavirasto.fi/en/voimalaitosrekisteri,,,,,,,,,,Finland,Finland National Grid,,,,Sairaalantie 3,Ivalo,99800,,,,,,
1002643,Pirttiselkä,Wind,27.6,Pirttiselkä,,,,Puhuri Oy,,,Finnish Energy Authority,http://www.energiavirasto.fi/en/voimalaitosrekisteri,,,,,,,,,,Finland,Finland National Grid,,,,Turvetie 112,Haapavesi,86600,,,,,,
1002629,"Högsara, Kemiönsaari tv",Wind,6,"Högsara, Kemiönsaari",,,,Via Wind Oy Ltd,,,Finnish Energy Authority,http://www.energiavirasto.fi/en/voimalaitosrekisteri,,,,,,,,,,Finland,Finland National Grid,,,,Hannuksentie 1,Espoo,2270,,,,,,
1002436,Larsmo tv,Wind,1,Larsmo Vindkraftverk,,,,Ab Larsmo Vindkraft Oy,,,Finnish Energy Authority,http://www.energiavirasto.fi/en/voimalaitosrekisteri,,,,,,,,,,Finland,Finland National Grid,,,,Risöhällvägen 18,Larsmo,68570,,,,,,
1002424,Kurkiaska,Hydro,27,Kurkiaska,,,,Kemijoki Oy,,,Finnish Energy Authority,http://www.energiavirasto.fi/en/voimalaitosrekisteri,,,,,,,,,,Finland,Finland National Grid,,,,PL 8131,ROVANIEMI,96101,,,,,,
1002662,Elkko,Wind,6,"Elkko, Raahe",,,,Raahen Tuulienergia Oy,,,Finnish Energy Authority,http://www.energiavirasto.fi/en/voimalaitosrekisteri,,,,,,,,,,Finland,Finland National Grid,,,,Rantakatu 8 A,Raahen Tuulienergia Oy,92100,,,,,,
1002462,Mäkipää Diesel,Separate electricity production,1,Mäkipää Diesel,,,,Vaasan Sähköverkko Oy,,,Finnish Energy Authority,http://www.energiavirasto.fi/en/voimalaitosrekisteri,,,,,,,,,,Finland,Finland National Grid,,,,PL 26,Vaasa,65101,,,,,,
1002501,Porvoo Kilpilahti,Oil,27,Kilpilahti kt vvl,,,,Fingrid Oyj,,,Finnish Energy Authority,http://www.energiavirasto.fi/en/voimalaitosrekisteri,,,,,,,,,,Finland,Finland National Grid,,,,PL 530 ( Arkadiakatu 23 B),Helsinki,100,,,,,,
1002413,Mussalon tuulivoimalat,Wind,5.7,Tuulivoimalat,,,,Kotkan Energia Oy,,,Finnish Energy Authority,http://www.energiavirasto.fi/en/voimalaitosrekisteri,,,,,,,,,,Finland,Finland National Grid,,,,Liitulahdentie 1,Kotka,48101,,,,,,
1002475,Olkiluoto tv,Wind,1,Olkiluoto / OLT1,,,,Teollisuuden Voima Oyj,,,Finnish Energy Authority,http://www.energiavirasto.fi/en/voimalaitosrekisteri,,,,,,,,,,Finland,Finland National Grid,,,,Olkiluoto,Eurajoki,27160,,,,,,
1002653,Joukhaisselän Tuulipuisto,Wind,27,"Joukhaisselän Tuulipuisto, Sodankylä",,,,Joukhaisselän Tuulipuisto Oy,,,Finnish Energy Authority,http://www.energiavirasto.fi/en/voimalaitosrekisteri,,,,,,,,,,Finland,Finland National Grid,,,,"c/o CorpNordic Oy, Lautatarhankatu 6",Helsinki,580,,,,,,
1002395,Kiltua,Hydro,5.6,"Sonkajärvi, Kiltuantie 1129 A, Jyrkkä",,,,Savon Voima Oyj,,,Finnish Energy Authority,http://www.energiavirasto.fi/en/voimalaitosrekisteri,,,,,,,,,,Finland,Finland National Grid,,,,PL 1024,Toivala,70901,,,,,,
1002481,Padinki,Hydro,1,"Padinki, Nivala",,,,Korpelan Voima kuntayhtymä,,,Finnish Energy Authority,http://www.energiavirasto.fi/en/voimalaitosrekisteri,,,,,,,,,,Finland,Finland National Grid,,,,PL 13,Kannus,69101,,,,,,
1002677,Kooninkallio,Wind,27,Kooninkallio,,,,Kooninkallion Tuulipuisto Ky,,,Finnish Energy Authority,http://www.energiavirasto.fi/en/voimalaitosrekisteri,,,,,,,,,,Finland,Finland National Grid,,,,"c/o Taaleritehtaan Sijoitustehdas, Kluuvikatu 3",Helsinki,100,,,,,,
1002360,Juankoski,Hydro,5.5,"Juankoski, Juankoskentie 7A",,,,Savon Voima Oyj,,,Finnish Energy Authority,http://www.energiavirasto.fi/en/voimalaitosrekisteri,,,,,,,,,,Finland,Finland National Grid,,,,PL 1024,Toivala,70901,,,,,,
1002638,Siikainen Jäneskeidas,Wind,26.4,Siikainen Jäneskeidas,,,,Tuuliwatti Oy,,,Finnish Energy Authority,http://www.energiavirasto.fi/en/voimalaitosrekisteri,,,,,,,,,,Finland,Finland National Grid,,,,Purotie 1,PL 100,(00)381,,,,,,
1002450,Martinlaakso,Natural Gas,171.7,Martinlaakso,CHP,,,Vantaan Energia Oy,,,Finnish Energy Authority,http://www.energiavirasto.fi/en/voimalaitosrekisteri,,,,,,,,,,Finland,Finland National Grid,,,Natural gas,Peltolantie 27,Vantaa,1300,,,,,,
1002525,Salmisaari B,Coal,163,Salmisaaren voimalaitos,CHP,,,Helsingin Energia,604.686,,Finnish Energy Authority,http://www.energiavirasto.fi/en/voimalaitosrekisteri,ENTSOE (for generation only),https://transparency.entsoe.eu/generation/r2/installedCapacityPerProductionUnit/show,,,,,,,,Finland,Finland National Grid,,,Heavy distillates,Kampinkuja 2,HELEN,90,,,,,,
1002593,Vuosaari A,Natural Gas,163,Vuosaari A-voimalaitos,CHP,,,Helsingin Energia,,,Finnish Energy Authority,http://www.energiavirasto.fi/en/voimalaitosrekisteri,,,,,,,,,,Finland,Finland National Grid,,,Medium heavy distillates,Kampinkuja 2,HELEN,90,,,,,,
1002311,Anjalankoski,Biomass,160.5,Anjalankoski,,,,Stora Enso Publication Papers Oy Ltd,,,Finnish Energy Authority,http://www.energiavirasto.fi/en/voimalaitosrekisteri,,,,,,,,,,Finland,Finland National Grid,,,Mixed fuels,Anjalan tehtaat,Anjalankoski,46900,,,,,,
1002321,Haapavesi,Peat,154,Haapaveden voimalaitos,,,,Kanteleen Voima Oy,48.557,,Finnish Energy Authority,http://www.energiavirasto.fi/en/voimalaitosrekisteri,ENTSOE (for generation only),https://transparency.entsoe.eu/generation/r2/installedCapacityPerProductionUnit/show,,,,,,,,Finland,Finland National Grid,,,Heavy distillates,"PL 47, Turvetie 112",Haapavesi,86600,,,,,,
1002507,Pyhäkoski,Hydro,146,Pyhäkoski,,,,"Fortum Power & Heat , Generation",,,Finnish Energy Authority,http://www.energiavirasto.fi/en/voimalaitosrekisteri,,,,,,,,,,Finland,Finland National Grid,,,,Keilaniementie 1,PL 100,00048 Fortum,,,,,,
1002442,Lielahti,,142,Lielahti,CHP,,,Tampereen Sähkölaitos,,,Finnish Energy Authority,http://www.energiavirasto.fi/en/voimalaitosrekisteri,,,,,,,,,,Finland,Finland National Grid,,,Medium heavy distillates,PL 175,TAMPERE,33101,,,,,,
1002383,Kaukopää,Biomass,134,Kaukopää,CHP,,,Stora Enso Oyj,,,Finnish Energy Authority,http://www.energiavirasto.fi/en/voimalaitosrekisteri,,,,,,,,,,Finland,Finland National Grid,,,Industrial wood residues,Imatran tehtaat,Imatra,55800,,,,,,
1002553,Taivalkoski,Hydro,133,Taivalkoski,,,,Kemijoki Oy,,,Finnish Energy Authority,http://www.energiavirasto.fi/en/voimalaitosrekisteri,,,,,,,,,,Finland,Finland National Grid,,,,PL 8131,ROVANIEMI,96101,,,,,,
1002494,Pirttikoski,Hydro,131,Pirttikoski,,,,Kemijoki Oy,,,Finnish Energy Authority,http://www.energiavirasto.fi/en/voimalaitosrekisteri,,,,,,,,,,Finland,Finland National Grid,,,,PL 8131,ROVANIEMI,96101,,,,,,
1002561,Tiihala,Oil,1,"Tiihala, Kangasala",CHP,,,Virolan puutarha,,,Finnish Energy Authority,http://www.energiavirasto.fi/en/voimalaitosrekisteri,,,,,,,,,,Finland,Finland National Grid,,,,Tiihalantie 194,Kangasala,36270,,,,,,
1002577,Waskiluoto Validation Center,Oil,5.5,Waskiluoto Validation Center,,,,Wärtsilä Finland Oy,,,Finnish Energy Authority,http://www.energiavirasto.fi/en/voimalaitosrekisteri,,,,,,,,,,Finland,Finland National Grid,,,Heavy distillates,Järvikatu 2-4,Vaasa,65100,,,,,,
1002599,Åminnefors,Hydro,1,"Åminnefors, Pohja",,,,Koskienergia Koskivoima Oy,,,Finnish Energy Authority,http://www.energiavirasto.fi/en/voimalaitosrekisteri,,,,,,,,,,Finland,Finland National Grid,,,,Kotakennääntie 31,Äänekoski,44100,,,,,,
1002644,Nahkakallio,Wind,26.4,Nahkakallio,,,,Puhuri Oy,,,Finnish Energy Authority,http://www.energiavirasto.fi/en/voimalaitosrekisteri,,,,,,,,,,Finland,Finland National Grid,,,,Turvetie 112,Haapavesi,86600,,,,,,
1002370,Kaihua,Hydro,5.4,Kaihua I ja II,,,,Rovakairan Tuotanto Oy,,,Finnish Energy Authority,http://www.energiavirasto.fi/en/voimalaitosrekisteri,,,,,,,,,,Finland,Finland National Grid,,,,PL 8013,Rovaniemi,96101,,,,,,
1002411,Koskenvarsi,Hydro,0.9,Koskenvarren vesivoimalaitos,,,,Alajärven Sähkö Oy,,,Finnish Energy Authority,http://www.energiavirasto.fi/en/voimalaitosrekisteri,,,,,,,,,,Finland,Finland National Grid,,,,Kauppakatu 1,Alajärvi,62900,,,,,,
1002433,Lappeenranta kombi,Natural Gas,26.3,Lappeenranta TG8,CHP,,,UPM-Kymmene Oyj,,,Finnish Energy Authority,http://www.energiavirasto.fi/en/voimalaitosrekisteri,,,,,,,,,,Finland,Finland National Grid,,,Light distillates,Ky-35,Kuusankoski,45700,,,,,,
1002469,Nikkilä,Natural Gas,5.4,Nikkilän voimalaitos,CHP,,,Keravan Energia Oy,,,Finnish Energy Authority,http://www.energiavirasto.fi/en/voimalaitosrekisteri,,,,,,,,,,Finland,Finland National Grid,,,Medium heavy distillates,PL 37,Kerava,4201,,,,,,
1002486,Parantalankoski,Hydro,0.9,Parantala Äänekoski,,,,Koskienergia Oy,,,Finnish Energy Authority,http://www.energiavirasto.fi/en/voimalaitosrekisteri,,,,,,,,,,Finland,Finland National Grid,,,,PL166,Mikkeli,50101,,,,,,
1002361,Jumisko,Hydro,26,jumisko,,,,PVO Vesivoima Oy,,,Finnish Energy Authority,http://www.energiavirasto.fi/en/voimalaitosrekisteri,,,,,,,,,,Finland,Finland National Grid,,,,Virkkulantie 207,91100 Ii,91100,,,,,,
1002621,Nivala,Biomass,5.3,Lämpölä/Hyttitie 5 Nivala,CHP,,,Nivalan Kaukolämpö Oy,,,Finnish Energy Authority,http://www.energiavirasto.fi/en/voimalaitosrekisteri,,,,,,,,,,Finland,Finland National Grid,,,Heavy distillates,Hyttitie 5,Nivala,85500,,,,,,
1002506,Puulaakso,Biomass,0.9,Puulaakson Energia Oy  Hongantie 93,CHP,,,Puulaakson Energia Oy,,,Finnish Energy Authority,http://www.energiavirasto.fi/en/voimalaitosrekisteri,,,,,,,,,,Finland,Finland National Grid,,,,"C/O Vattenfall Sähköntuotanto Oy, Maistraatinportti 4",Helsinki,240,,,,,,
1002580,Vaskiluoto kt,Oil,26,Vaskiluoto kt 2,,,,Fingrid Oyj,,,Finnish Energy Authority,http://www.energiavirasto.fi/en/voimalaitosrekisteri,,,,,,,,,,Finland,Finland National Grid,,,,PL 530 ( Arkadiakatu 23 B),Helsinki,100,,,,,,
1002547,Säkylän varuskunnan dieselvoimalaitos,Oil,5,"Säkylä, Huovinrinne",CHP,,,Köyliön - Säkylän Sähkö Oy,,,Finnish Energy Authority,http://www.energiavirasto.fi/en/voimalaitosrekisteri,,,,,,,,,,Finland,Finland National Grid,,,,Kuninkaanlähteentie 76,Säkylä,27800,,,,,,
1002537,Sodankylän varuskunta,Oil,0.9,Sodankylän varuskunta,,,,Puolustushallinnon rakennuslaitos,,,Finnish Energy Authority,http://www.energiavirasto.fi/en/voimalaitosrekisteri,,,,,,,,,,Finland,Finland National Grid,,,,"Unioninkatu 8, PL 199",Helsinki,131,,,,,,
1002678,Vartinoja 1,Wind,25.65,Vartinoja 1,,,,Vartinoja I Ky,,,Finnish Energy Authority,http://www.energiavirasto.fi/en/voimalaitosrekisteri,,,,,,,,,,Finland,Finland National Grid,,,,PL3,Lähitapiola,2010,,,,,,
1002649,RES1,Wind,5,"Märynummi, Salo",,,,Restuuli Oy,,,Finnish Energy Authority,http://www.energiavirasto.fi/en/voimalaitosrekisteri,,,,,,,,,,Finland,Finland National Grid,,,,Tervarinne 5,Salo,24280,,,,,,
1002607,Topinojan Biokaasulaitos,Biomass,0.8,Topinojan Biokaasulaitos,CHP,,,Höyrytys Oy,,,Finnish Energy Authority,http://www.energiavirasto.fi/en/voimalaitosrekisteri,,,,,,,,,,Finland,Finland National Grid,,,Biogas,Palokorvenkatu 2,Kerava,4261,,,,,,
1002534,"Siilinjärvi, V1 turb. ja vp turb.",Biomass,25.1,Siilinjärvi,CHP,,,Kemphos Oy,,,Finnish Energy Authority,http://www.energiavirasto.fi/en/voimalaitosrekisteri,,,,,,,,,,Finland,Finland National Grid,,,Heavy distillates,"Nilsiäntie 501, PL 20",Siilinjärvi,71801,,,,,,
1002557,Teivaanmäki,Natural gas,4.8,"Teivaanmäki Jalkarannantie 22, Lahti",CHP,,,Lahti Energia Oy,,,Finnish Energy Authority,http://www.energiavirasto.fi/en/voimalaitosrekisteri,,,,,,,,,,Finland,Finland National Grid,,,Medium heavy distillates,,,15141,,,,,,
1002581,Vatajankoski,Hydro,0.75,Vatajankoski,,,,Vatajankosken Sähkö Oy,,,Finnish Energy Authority,http://www.energiavirasto.fi/en/voimalaitosrekisteri,,,,,,,,,,Finland,Finland National Grid,,,,PL 12,Kankaanpää,38701,,,,,,
1002371,Kaipola,Biomass,25,Kaipola VP3,CHP,,,UPM-Kymmene Oyj,,,Finnish Energy Authority,http://www.energiavirasto.fi/en/voimalaitosrekisteri,,,,,,,,,,Finland,Finland National Grid,,,Peat,Ky-35,Kuusankoski,45700,,,,,,
1002308,Alakoski,Hydro,4.6,"Alakoski, Tampere",,,,Alakoski Oy,,,Finnish Energy Authority,http://www.energiavirasto.fi/en/voimalaitosrekisteri,,,,,,,,,,Finland,Finland National Grid,,,,PL166,Mikkeli,50101,,,,,,
1002536,Siuronkoski,Hydro,0.7,"Siuronkoski, Nokia",,,,Virolan puutarha,,,Finnish Energy Authority,http://www.energiavirasto.fi/en/voimalaitosrekisteri,,,,,,,,,,Finland,Finland National Grid,,,,Tiihalantie 194,Kangasala,36270,,,,,,
1002402,Koivukoski 3,Hydro,25,Koivukoski 3,,,,Kainuun Voima Oy,,,Finnish Energy Authority,http://www.energiavirasto.fi/en/voimalaitosrekisteri,,,,,,,,,,Finland,Finland National Grid,,,,Tehdaskatu 17,PL 302,87101 Kajaani,,,,,,
1002408,Koneharju kt,Natural Gas,4.6,"Koneharju Koneharjunkatu, Lahti",CHP,,,Lahti Energia Oy,,,Finnish Energy Authority,http://www.energiavirasto.fi/en/voimalaitosrekisteri,,,,,,,,,,Finland,Finland National Grid,,,Medium heavy distillates,,,15141,,,,,,
1002647,Posion CHP-laitos,Natural Gas,0.6,Posion Voimalaitos Rantatie 3 97900 Posio,,,,Posion Vesi ja Lämpö Oy,,,Finnish Energy Authority,http://www.energiavirasto.fi/en/voimalaitosrekisteri,,,,,,,,,,Finland,Finland National Grid,,,Forest fuelwood,Kirkkotie 1,POSIO,97900,,,,,,
1002406,Kokkosniva,Hydro,25,Kokkosniva,,,,Kemijoki Oy,,,Finnish Energy Authority,http://www.energiavirasto.fi/en/voimalaitosrekisteri,,,,,,,,,,Finland,Finland National Grid,,,,PL 8131,ROVANIEMI,96101,,,,,,
1002468,Nastola kt,Natural Gas,4.6,Nastola Rakokiventie 23,CHP,,,Lahti Energia Oy,,,Finnish Energy Authority,http://www.energiavirasto.fi/en/voimalaitosrekisteri,,,,,,,,,,Finland,Finland National Grid,,,Medium heavy distillates,,,15141,,,,,,
1002460,Myllykoski ve,Hydro,25,Myllykosken vesivoimalaitos,,,,Myllykoski Paper Oy,,,Finnish Energy Authority,http://www.energiavirasto.fi/en/voimalaitosrekisteri,,,,,,,,,,Finland,Finland National Grid,,,,Myllykoskentie 1,Anjalankoski,46800,,,,,,
1002531,Seitakorva,Hydro,130,Seitakorva,,,,Kemijoki Oy,,,Finnish Energy Authority,http://www.energiavirasto.fi/en/voimalaitosrekisteri,,,,,,,,,,Finland,Finland National Grid,,,,PL 8131,ROVANIEMI,96101,,,,,,
1002467,Naistenlahti 1,Natural Gas,129,Naistenlahti 1,CHP,,,Tampereen Sähkölaitos,,,Finnish Energy Authority,http://www.energiavirasto.fi/en/voimalaitosrekisteri,,,,,,,,,,Finland,Finland National Grid,,,Medium heavy distillates,PL 175,TAMPERE,33101,,,,,,
1002397,Kirkniemi,Natural Gas,128,"Kirkniemi, Kirkniemen voimalaitos",CHP,,,Sappi Finland Oy,,,Finnish Energy Authority,http://www.energiavirasto.fi/en/voimalaitosrekisteri,,,,,,,,,,Finland,Finland National Grid,,,Medium heavy distillates,,Lohja,8800,,,,,,
1002530,Seinäjoki (SEVO),Peat,125,Seinäjoki  (SEVO),CHP,,,Vaskiluodon Voima Oy,417.318,,Finnish Energy Authority,http://www.energiavirasto.fi/en/voimalaitosrekisteri,ENTSOE (for generation only),https://transparency.entsoe.eu/generation/r2/installedCapacityPerProductionUnit/show,,,,,,,,Finland,Finland National Grid,,,Heavy distillates,Frilundintie 7,Vaasa,65170,,,,,,
1002476,Ossauskoski,Hydro,124,Ossauskoski,,,,Kemijoki Oy,,,Finnish Energy Authority,http://www.energiavirasto.fi/en/voimalaitosrekisteri,,,,,,,,,,Finland,Finland National Grid,,,,PL 8131,ROVANIEMI,96101,,,,,,
1002615,"Lappeenranta, Kaukaan tehdas",Biomass,119,,CHP,,,Kaukaan Voima Oy,176.829,,Finnish Energy Authority,http://www.energiavirasto.fi/en/voimalaitosrekisteri,ENTSOE (for generation only),https://transparency.entsoe.eu/generation/r2/installedCapacityPerProductionUnit/show,,,,,,,,Finland,Finland National Grid,,,Natural gas,Kaukaantie 16,Lappeenranta,53200,,,,,,
1002320,Haapaniemi,Peat,118.1,Haapaniemen voimalaitos,,,,Kuopion Energia Oy,,,Finnish Energy Authority,http://www.energiavirasto.fi/en/voimalaitosrekisteri,,,,,,,,,,Finland,Finland National Grid,,,Heavy distillates,PL105,Kuopio,Kuopio,,,,,,
1002386,Kellosaari,Oil,118,Kellosaari,,,,Helsingin Energia,,,Finnish Energy Authority,http://www.energiavirasto.fi/en/voimalaitosrekisteri,,,,,,,,,,Finland,Finland National Grid,,,,Kampinkuja 2,HELEN,90,,,,,,
1002492,Pietarsaari (Wisapower Oy),Biomass,116,"Pietarsaari, Wisapower",CHP,,,UPM-Kymmene Oyj Wisaforest,,,Finnish Energy Authority,http://www.energiavirasto.fi/en/voimalaitosrekisteri,,,,,,,,,,Finland,Finland National Grid,,,Heavy distillates,Ky-35,Kuusankoski,45700,,,,,,
1002354,Isohaara,Hydro,106,isohaara,,,,PVO Vesivoima Oy,,,Finnish Energy Authority,http://www.energiavirasto.fi/en/voimalaitosrekisteri,,,,,,,,,,Finland,Finland National Grid,,,,Virkkulantie 207,91100 Ii,91100,,,,,,
1002353,Inkoo,Coal,0,Inkoo,,,,"Fortum Power & Heat , Generation",,,Finnish Energy Authority,http://www.energiavirasto.fi/en/voimalaitosrekisteri,,,,,,,,,,Finland,Finland National Grid,,,Heavy distillates,Keilaniementie 1,PL 100,00048 Fortum,,,,,,
1002542,Stadsforsens Kraftverk,Hydro,4.6,Stadsforsens Kraftverk,,,,Nykarleby Kraftverk,,,Finnish Energy Authority,http://www.energiavirasto.fi/en/voimalaitosrekisteri,,,,,,,,,,Finland,Finland National Grid,,,,Kvarnvägen 20,Nykarleby,66900,,,,,,
1002380,Kaskinen lv ja vp,Biomass,0,Metsä Fibre Kaskisten tehdas,CHP,,,Metsä Fibre Oy,,,Finnish Energy Authority,http://www.energiavirasto.fi/en/voimalaitosrekisteri,,,,,,,,,,Finland,Finland National Grid,,,Heavy distillates,Revontulentie 6,Espoo,2100,,,,,,
1002305,Ahvenkoski,Hydro,24,Ahvenkoski,,,,Oy Mankala Ab,,,Finnish Energy Authority,http://www.energiavirasto.fi/en/voimalaitosrekisteri,,,,,,,,,,Finland,Finland National Grid,,,,Sitikkalantie 189,KAUSALA,47400,,,,,,
1002378,Karjalankoski,Hydro,4.5,"Juankoski, Pohjolantie 10",,,,Savon Voima Oyj,,,Finnish Energy Authority,http://www.energiavirasto.fi/en/voimalaitosrekisteri,,,,,,,,,,Finland,Finland National Grid,,,,PL 1024,Toivala,70901,,,,,,
1002414,Kristiina 1,Oil,0,Kristiina 1,,,,PVO-Lämpövoima Oy,,,Finnish Energy Authority,http://www.energiavirasto.fi/en/voimalaitosrekisteri,,,,,,,,,,Finland,Finland National Grid,,,Medium heavy distillates,Frilundintie 7,Vaasa,65170,,,,,,
1002591,Voikkaa ve 2,Hydro,24,Voikkaa 2,,,,UPM-Kymmene Oyj,,,Finnish Energy Authority,http://www.energiavirasto.fi/en/voimalaitosrekisteri,,,,,,,,,,Finland,Finland National Grid,,,,Ky-35,Valkeakoski,45700,,,,,,
1002394,Killinkoski,Hydro,4.5,Killinkoski,,,,Killin Voima Oy,,,Finnish Energy Authority,http://www.energiavirasto.fi/en/voimalaitosrekisteri,,,,,,,,,,Finland,Finland National Grid,,,,PL 25,Virrat,34801,,,,,,
1002415,Kristiina 2,Coal,0,Kristiina 2,,,,PVO-Lämpövoima Oy,,,Finnish Energy Authority,http://www.energiavirasto.fi/en/voimalaitosrekisteri,,,,,,,,,,Finland,Finland National Grid,,,Heavy distillates,Frilundintie 7,Vaasa,65170,,,,,,
1002457,Järvenpää,Natural Gas,23.8,"Voimalankatu, 04430 Järvenpää",CHP,,,Fortum Power and Heat Oy,,,Finnish Energy Authority,http://www.energiavirasto.fi/en/voimalaitosrekisteri,,,,,,,,,,Finland,Finland National Grid,,,,PL 100,Fortum,48,,,,,,
1002399,Klåsarö,Hydro,4.5,Klåsarö,,,,Oy Mankala Ab,,,Finnish Energy Authority,http://www.energiavirasto.fi/en/voimalaitosrekisteri,,,,,,,,,,Finland,Finland National Grid,,,,Sitikkalantie 189,KAUSALA,47400,,,,,,
1002493,Pihlava,Biomass,0,Pori Pihlava,CHP,,,Pori Energia Oy,,,Finnish Energy Authority,http://www.energiavirasto.fi/en/voimalaitosrekisteri,,,,,,,,,,Finland,Finland National Grid,,,Heavy distillates,PL 9 (Radanvarsi 2),PORI,28101,,,,,,
1002666,Pajukoski 1 B,Wind,23.1,Pajukosken tuulipuisto 1 B,,,,Pajukosken tuulipuisto Oy,,,Finnish Energy Authority,http://www.energiavirasto.fi/en/voimalaitosrekisteri,,,,,,,,,,Finland,Finland National Grid,,,,Kluuvikatu 3,Helsinki,`00100,,,,,,
1002614,Varissaari,Biomass,4.5,Varissaari,CHP,,,Keuruun Lämpövoima Oy,,,Finnish Energy Authority,http://www.energiavirasto.fi/en/voimalaitosrekisteri,,,,,,,,,,Finland,Finland National Grid,,,Peat,PL 50,Keuruu,42701,,,,,,
1002513,Raisio,Oil,0,Raisio,CHP,,,Raisionkaaren Teollisuuspuisto Oy,,,Finnish Energy Authority,http://www.energiavirasto.fi/en/voimalaitosrekisteri,,,,,,,,,,Finland,Finland National Grid,,,,PL 101,RAISIO,21201,,,,,,
1002645,Kirkkokallio-Honkajoki,Wind,21.6,Kirkkokallio,,,,Honkajoen Tuulipuisto Ky,,,Finnish Energy Authority,http://www.energiavirasto.fi/en/voimalaitosrekisteri,,,,,,,,,,Finland,Finland National Grid,,,,"c/o Taaleritehdas Oyj, Kluuvikatu 3",Helsinki,100,,,,,,
1002377,Kantvik,Coal,4.2,Kantvik,CHP,,,Voimavasu Oy,,,Finnish Energy Authority,http://www.energiavirasto.fi/en/voimalaitosrekisteri,,,,,,,,,,Finland,Finland National Grid,,,,PL 22,Jyväskylä,40101,,,,,,
1002527,Savela,Oil,0,Savela,,,,Jyväskylän Energiantuotanto Oy,,,Finnish Energy Authority,http://www.energiavirasto.fi/en/voimalaitosrekisteri,,,,,,,,,,Finland,Finland National Grid,,,,PL 4,Jyväskylä,40101,,,,,,
1002425,Kuurna,Hydro,21.2,"Kontiolahti, Kuurna",,,,Kuurnan Voima Oy,,,Finnish Energy Authority,http://www.energiavirasto.fi/en/voimalaitosrekisteri,,,,,,,,,,Finland,Finland National Grid,,,,Rantakatu 29,Joensuu,80100,,,,,,
1002318,Finlayson ve,Hydro,4.19,Finlayson ve,,,,Tampereen Sähkölaitos,,,Finnish Energy Authority,http://www.energiavirasto.fi/en/voimalaitosrekisteri,,,,,,,,,,Finland,Finland National Grid,,,,PL 175,TAMPERE,33101,,,,,,
1002550,Tahkoluoto,Coal,0,Tahkoluoto,,,,PVO-Lämpövoima Oy,,,Finnish Energy Authority,http://www.energiavirasto.fi/en/voimalaitosrekisteri,,,,,,,,,,Finland,Finland National Grid,,,Heavy distillates,Frilundintie 7,Vaasa,65170,,,,,,
1002437,Leppikoski,Hydro,21,Leppikoski,,,,"Fortum Power & Heat , Generation",,,Finnish Energy Authority,http://www.energiavirasto.fi/en/voimalaitosrekisteri,,,,,,,,,,Finland,Finland National Grid,,,,Keilaniementie 1,PL 100,00048 Fortum,,,,,,
1002419,Kuhmon Lämpö,Biomass,4,Kuhmo,CHP,,,Kuhmon Lämpö Oy,,,Finnish Energy Authority,http://www.energiavirasto.fi/en/voimalaitosrekisteri,,,,,,,,,,Finland,Finland National Grid,,,Industrial wood residues,Hyryntie 40,Kuhmo,88900,,,,,,
1002571,Vaasa,Oil,0,Palosaaren sillan voimalaitos,CHP,,,Vaasan Sähkö Oy,,,Finnish Energy Authority,http://www.energiavirasto.fi/en/voimalaitosrekisteri,,,,,,,,,,Finland,Finland National Grid,,,Medium heavy distillates,Kirkkopuistikko 0,Vaasa,65100,,,,,,
1002572,Vajukoski,Hydro,21,Vajukoski,,,,Kemijoki Oy,,,Finnish Energy Authority,http://www.energiavirasto.fi/en/voimalaitosrekisteri,,,,,,,,,,Finland,Finland National Grid,,,,PL 8131,ROVANIEMI,96101,,,,,,
1002435,Lapua,Peat,4,Lapua,CHP,,,Kiviristin Lämpö Oy,,,Finnish Energy Authority,http://www.energiavirasto.fi/en/voimalaitosrekisteri,,,,,,,,,,Finland,Finland National Grid,,,Forest fuelwood,Makasiinintie 7,Lapua,62100,,,,,,
1002579,Vaskiluoto 3,Oil,0,Vaasa  ( Vaskiluoto 3 ),CHP,,,PVO-Huippuvoima Oy,,,Finnish Energy Authority,http://www.energiavirasto.fi/en/voimalaitosrekisteri,,,,,,,,,,Finland,Finland National Grid,,,,Frilundintie 7,Vaasa,65170,,,,,,
1002648,TuuliMuukko,Wind,21,"Muukko, Lappeenranta",,,,TuuliMuukko Ky,,,Finnish Energy Authority,http://www.energiavirasto.fi/en/voimalaitosrekisteri,,,,,,,,,,Finland,Finland National Grid,,,,Snellmaninkatu 3 B,Lappeenranta,53100,,,,,,
1002479,Oulu Vihreäsaari tv,Wind,4,"Oulu, Vihreäsaari T1 ja T2",,,,Innopower Oy,,,Finnish Energy Authority,http://www.energiavirasto.fi/en/voimalaitosrekisteri,,,,,,,,,,Finland,Finland National Grid,,,,"Töölönkatu 4, PL40",Helsinki,101,,,,,,
1002684,Lotlax Vindpark,Wind,21,"Lotlax, Söderskogen",,,,Amperax Energie GmbH,,,Finnish Energy Authority,http://www.energiavirasto.fi/en/voimalaitosrekisteri,,,,,,,,,,Finland,Finland National Grid,,,,Grimes-Kreuz-Straße 55,Kaarst,41564,,,,,,
1002477,Oulu,Biomass,105,Oulu,CHP,,,"Stora Enso Oyj, Oulun tehdas",,,Finnish Energy Authority,http://www.energiavirasto.fi/en/voimalaitosrekisteri,,,,,,,,,,Finland,Finland National Grid,,,Industrial wood residues,PL 196,Oulu,90101,,,,,,
1002566,Uimaharju 2 + 1 vp/lv,Biomass,105,Uimaharju,CHP,,,Enocell Oy,,,Finnish Energy Authority,http://www.energiavirasto.fi/en/voimalaitosrekisteri,,,,,,,,,,Finland,Finland National Grid,,,Industrial wood residues,PL 2,Uimaharju,81281,,,,,,
1002455,Mertaniemi 1 ja 2,Separate electricity production,102,Mertaniemi 2,,,,Lappeenrannan Lämpövoima Oy,,,Finnish Energy Authority,http://www.energiavirasto.fi/en/voimalaitosrekisteri,,,,,,,,,,Finland,Finland National Grid,,,Natural gas,PL 191,Lappeenranta,53101,,,,,,
1002573,Valajaskoski,Hydro,101,Valajaskoski,,,,Kemijoki Oy,,,Finnish Energy Authority,http://www.energiavirasto.fi/en/voimalaitosrekisteri,,,,,,,,,,Finland,Finland National Grid,,,,PL 8131,ROVANIEMI,96101,,,,,,
1002474,Olkiluoto kt,Separate electricity production,100.5,"Olkiluoto KT 1 ja 2, Eurajoki",,,,Fingrid Oyj,,,Finnish Energy Authority,http://www.energiavirasto.fi/en/voimalaitosrekisteri,,,,,,,,,,Finland,Finland National Grid,,,,PL 530 (Arkadiankatu 23 B),Helsinki,100,,,,,,
1002575,Vanttauskoski,Hydro,95,Vanttauskoski,,,,Kemijoki Oy,,,Finnish Energy Authority,http://www.energiavirasto.fi/en/voimalaitosrekisteri,,,,,,,,,,Finland,Finland National Grid,,,,PL 8131,ROVANIEMI,96101,,,,,,
1002583,Veitsiluoto,Biomass,90,Veitsiluoto,CHP,,,Stora Enso Oyj,,,Finnish Energy Authority,http://www.energiavirasto.fi/en/voimalaitosrekisteri,,,,,,,,,,Finland,Finland National Grid,,,Industrial wood residues,Veitsiluodon tehtaat,Kemi,94800,,,,,,
1002358,Joutseno,Biomass,85,Metsä Fibre Joutsenon tehdas,CHP,,,Metsä Fibre Oy,,,Finnish Energy Authority,http://www.energiavirasto.fi/en/voimalaitosrekisteri,,,,,,,,,,Finland,Finland National Grid,,,Natural gas,Revontulentie 6,Espoo,2100,,,,,,
1002385,Kavo,Peat,85,Kavo,CHP,,,Kainuun Voima Oy,,,Finnish Energy Authority,http://www.energiavirasto.fi/en/voimalaitosrekisteri,,,,,,,,,,Finland,Finland National Grid,,,Industrial wood residues,Tehdaskatu 17,PL 302,87101 Kajaani,,,,,,
1002484,Pamilo,Hydro,85,Pamilon vesivoimalaitos,,,,Pamilo Oy,,,Finnish Energy Authority,http://www.energiavirasto.fi/en/voimalaitosrekisteri,,,,,,,,,,Finland,Finland National Grid,,,,Tuohivaarantie 40,Luhtapohja,81330,,,,,,
1002528,Savio,Natural gas,3.9,Savion voimalaitos,CHP,,,Keravan Energia Oy,,,Finnish Energy Authority,http://www.energiavirasto.fi/en/voimalaitosrekisteri,,,,,,,,,,Finland,Finland National Grid,,,Medium heavy distillates,PL 37,Kerava,4201,,,,,,
1002306,Aittaluoto 1,Peat,20.8,Pori Aittaluoto 1,,,,Pori Energia Oy,,,Finnish Energy Authority,http://www.energiavirasto.fi/en/voimalaitosrekisteri,,,,,,,,,,Finland,Finland National Grid,,,Industrial wood residues,PL 9 (Radanvarsi 2),PORI,28101,,,,,,
1002341,Honkalahti,Biomass,3.8,Honkalahti,CHP,,,Stora Enso Timber Oy Ltd,,,Finnish Energy Authority,http://www.energiavirasto.fi/en/voimalaitosrekisteri,,,,,,,,,,Finland,Finland National Grid,,,Natural gas,PL 12,JOUTSENO,54101,,,,,,
1002511,Raahen tuulipuisto tv 1- 9,Wind,20.7,Raahe tv 1-9,,,,Suomen Hyötytuuli Oy,,,Finnish Energy Authority,http://www.energiavirasto.fi/en/voimalaitosrekisteri,,,,,,,,,,Finland,Finland National Grid,,,,Radanvarsi 2,Pori,28100,,,,,,
1002602,Ämmäkoski,Hydro,3.8,Ämmäkoski,,,,Kainuun Voima Oy,,,Finnish Energy Authority,http://www.energiavirasto.fi/en/voimalaitosrekisteri,,,,,,,,,,Finland,Finland National Grid,,,,Tehdaskatu 17,PL 302,87101 Kajaani,,,,,,
1002422,"Kuopio, Savon Sellu",Biomass,20.5,Savon Sellu Vastapainevoimalaitos,CHP,,,Savon Sellu OY,,,Finnish Energy Authority,http://www.energiavirasto.fi/en/voimalaitosrekisteri,,,,,,,,,,Finland,Finland National Grid,,,Peat,PL57  (Käyntiosoite Sorsasalo),KUOPIO,70101,,,,,,
1002363,Juotas,Hydro,3.7,Juotas,,,,Keski-Lapin voima Oy,,,Finnish Energy Authority,http://www.energiavirasto.fi/en/voimalaitosrekisteri,,,,,,,,,,Finland,Finland National Grid,,,,PL  49,Kemijärvi,98101,,,,,,
1002312,"Anjalankoski, G1",Hydro,20,Anjalankoski,,,,Kemijoki Oy,,,Finnish Energy Authority,http://www.energiavirasto.fi/en/voimalaitosrekisteri,,,,,,,,,,Finland,Finland National Grid,,,,PL 8131,ROVANIEMI,96101,,,,,,
1002391,Kerava,Natural Gas,3.7,Alikeravan voimalaitos,CHP,,,Keravan Energia Oy,,,Finnish Energy Authority,http://www.energiavirasto.fi/en/voimalaitosrekisteri,,,,,,,,,,Finland,Finland National Grid,,,Medium heavy distillates,PL 37,Kerava,4201,,,,,,
1002344,Hämeenkyrö lä,Biomass,20,"Metsä Board, Kyron tehdasalue Hämeenkyrö",CHP,,,Hämeenkyrön voima Oy,,,Finnish Energy Authority,http://www.energiavirasto.fi/en/voimalaitosrekisteri,,,,,,,,,,Finland,Finland National Grid,,,Natural gas,Töölönkatu 4,Helsinki,100,,,,,,
1002567,Uljua,Hydro,3.7,Pulkkila / Uljua,,,,Vattenfall Sähköntuotanto oy,,,Finnish Energy Authority,http://www.energiavirasto.fi/en/voimalaitosrekisteri,,,,,,,,,,Finland,Finland National Grid,,,,Maaistraatinportti 4 A,Helsinki,240,,,,,,
1002679,Kytölä,Wind,19.8,Kytölä,,,,Kytölän Tuulipuisto Ky,,,Finnish Energy Authority,http://www.energiavirasto.fi/en/voimalaitosrekisteri,,,,,,,,,,Finland,Finland National Grid,,,,"c/o Taaleritehdas Oy, Kluuvikatu 3",Helsinki,100,,,,,,
1002609,Björknäs kraftvärmeverk,Biomass,3.7,Björknäs kraftvärmeverk,CHP,,,Raseborgs stad / Ekenäs Energi,,,Finnish Energy Authority,http://www.energiavirasto.fi/en/voimalaitosrekisteri,,,,,,,,,,Finland,Finland National Grid,,,,"PB 31, Kungsgatan 14",Ekenäs,10601,,,,,,
1002600,Äetsä,Hydro,19.7,Äetsä,,,,UPM-Kymmene Oyj,,,Finnish Energy Authority,http://www.energiavirasto.fi/en/voimalaitosrekisteri,,,,,,,,,,Finland,Finland National Grid,,,,Ky-35,Kuusankoski,45700,,,,,,
1002570,Vaaja,Hydro,3.6,"Vaajakoski, Jyväskylän mlk",,,,SUUR-SAVON SÄHKÖ Oy,,,Finnish Energy Authority,http://www.energiavirasto.fi/en/voimalaitosrekisteri,,,,,,,,,,Finland,Finland National Grid,,,,Otto Mannisen katu 6,Mikkeli,50101,,,,,,
1002518,Riihimäki (Ekokem),Waste,19.6,"Kuulojankatu 1, 11120 RIIHIMÄKI",CHP,,,EKOKEM OY AB,,,Finnish Energy Authority,http://www.energiavirasto.fi/en/voimalaitosrekisteri,,,,,,,,,,Finland,Finland National Grid,,,Heavy distillates,PL 181,RIIHIMÄKI,11101,,,,,,
1002622,"Huittinen, Pahkionvuori tv",Wind,3.6,"Pahkionvuori, Huittinen",,,,Lännen Lintu Oy,,,Finnish Energy Authority,http://www.energiavirasto.fi/en/voimalaitosrekisteri,,,,,,,,,,Finland,Finland National Grid,,,,Matomäentie 100,32710 Sampu,,,,,,,
1002404,Kokkola,Peat,19.5,Kokkola,CHP,,,Kokkolan Voima Oy,,,Finnish Energy Authority,http://www.energiavirasto.fi/en/voimalaitosrekisteri,,,,,,,,,,Finland,Finland National Grid,,,Industrial wood residues,Voimalantie 17,Kokkola,67900,,,,,,
1002663,Wasa Wind,Wind,3.6,"Myrgrundintie 346 B, 65410 Vaasa",,,,Wasa Wind Oy,,,Finnish Energy Authority,http://www.energiavirasto.fi/en/voimalaitosrekisteri,,,,,,,,,,Finland,Finland National Grid,,,,Yrittäjänkatu 13,Vaasa,65380,,,,,,
1002646,Nyby-Ii,Wind,19.2,Nyby,,,,Nybyn Tuulipuisto Ky,,,Finnish Energy Authority,http://www.energiavirasto.fi/en/voimalaitosrekisteri,,,,,,,,,,Finland,Finland National Grid,,,,"c/o Taaleritehdas Oyj, Kluuvikatu 3",Helsinki,100,,,,,,
1002576,Varkaus lä,Biomass,82.8,Varkaus,CHP,,,Varenso Oy,,,Finnish Energy Authority,http://www.energiavirasto.fi/en/voimalaitosrekisteri,,,,,,,,,,Finland,Finland National Grid,,,Industrial wood residues,"Ahlströminkatu 26-28, PL185",Varkaus,78201,,,,,,
1002510,"Raahe, TG01, TG02",Coal,82,"Raahe, TG01, TG02",,,,Rautaruukki Oyj,,,Finnish Energy Authority,http://www.energiavirasto.fi/en/voimalaitosrekisteri,,,,,,,,,,Finland,Finland National Grid,,,Coke,PL 138,Helsinki,811,,,,,,
1002496,Pori,Peat,81.4,"Titaanitie, 28840 PORI",CHP,,,Porin Prosessivoima Oy,,,Finnish Energy Authority,http://www.energiavirasto.fi/en/voimalaitosrekisteri,,,,,,,,,,Finland,Finland National Grid,,,Medium heavy distillates,Töölönkatu 4,00101 Helsinki,,,,,,,
1002633,Vantaan jätevoimala,Natural Gas,81.4,Vantaan Jätevoimala,,,,Vantaan Energia Oy,,,Finnish Energy Authority,http://www.energiavirasto.fi/en/voimalaitosrekisteri,,,,,,,,,,Finland,Finland National Grid,,,Natural gas,Peltolantie 27,Vantaa,1610,,,,,,
1002471,Nuojua,Hydro,81,Nuojua,,,,"Fortum Power & Heat , Generation",,,Finnish Energy Authority,http://www.energiavirasto.fi/en/voimalaitosrekisteri,,,,,,,,,,Finland,Finland National Grid,,,,Keilaniementie 1,PL 100,00048 Fortum,,,,,,
1002514,Rauhalahti,Peat,80,Rauhalahti,CHP,,,Jyväskylän Energiantuotanto Oy,,,Finnish Energy Authority,http://www.energiavirasto.fi/en/voimalaitosrekisteri,,,,,,,,,,Finland,Finland National Grid,,,Industrial wood residues,PL 4,Jyväskylä,40101,,,,,,
1002428,Kuusankoski bv,Biomass,76,Kuusankoski,CHP,,,Kymin Voima Oy,,,Finnish Energy Authority,http://www.energiavirasto.fi/en/voimalaitosrekisteri,,,,,,,,,,Finland,Finland National Grid,,,Natural gas,Selluntie 3,Kuusankoski,45700,,,,,,
1002500,Porvoo,Oil,76,Porvoo,,,,Neste Oil Oy,,,Finnish Energy Authority,http://www.energiavirasto.fi/en/voimalaitosrekisteri,,,,,,,,,,Finland,Finland National Grid,,,Natural gas,PL 310,Porvoo,6101,,,,,,
1002390,Kemi,Biomass,75,Metsä Fibre Kemin tehdas,CHP,,,Metsä Fibre Oy,,,Finnish Energy Authority,http://www.energiavirasto.fi/en/voimalaitosrekisteri,,,,,,,,,,Finland,Finland National Grid,,,Industrial wood residues,Revontulentie 6,Espoo,2100,,,,,,
1002515,Rauma,Biomass,75,Metsä Fibre Rauman tehdas,CHP,,,Metsä Fibre Oy,,,Finnish Energy Authority,http://www.energiavirasto.fi/en/voimalaitosrekisteri,,,,,,,,,,Finland,Finland National Grid,,,Heavy distillates,Revontulentie 6,Espoo,2100,,,,,,
1002332,Heinola,Biomass,3.5,Heinola Vuorikatu 22,CHP,,,Lahti Energia Oy,,,Finnish Energy Authority,http://www.energiavirasto.fi/en/voimalaitosrekisteri,,,,,,,,,,Finland,Finland National Grid,,,Heavy distillates,,,15141,,,,,,
1002387,Keltti,Hydro,19.1,Keltti,,,,UPM-Kymmene Oyj,,,Finnish Energy Authority,http://www.energiavirasto.fi/en/voimalaitosrekisteri,,,,,,,,,,Finland,Finland National Grid,,,,ky-35,Kuusankoski,45700,,,,,,
1002520,Ruskeakoski,Hydro,3.3,"Joensuu, Ruskeakoski",,,,Pohjois-Karjalan Sähkö Oy,,,Finnish Energy Authority,http://www.energiavirasto.fi/en/voimalaitosrekisteri,,,,,,,,,,Finland,Finland National Grid,,,,Rantakatu 29,Joensuu,80100,,,,,,
1002610,Kerava,Peat,19.04,"04260 Kerava, Alikeravantie 83",CHP,,,Keravan Lämpövoima Oy,,,Finnish Energy Authority,http://www.energiavirasto.fi/en/voimalaitosrekisteri,,,,,,,,,,Finland,Finland National Grid,,,Forest fuelwood,(c/o Keravan Energia Oy) PL 37,Kerava,4201,,,,,,
1002418,Kuhankoski,Hydro,3.2,"Kuhankoski, Laukaa",,,,Koskienergia Oy,,,Finnish Energy Authority,http://www.energiavirasto.fi/en/voimalaitosrekisteri,,,,,,,,,,Finland,Finland National Grid,,,,PL166,Mikkeli,50101,,,,,,
1002333,Heinola vp,Peat,19,Heinolan Flutigtehdas,CHP,,,Stora Enso Oyj Heinolan Flutingtehdas,,,Finnish Energy Authority,http://www.energiavirasto.fi/en/voimalaitosrekisteri,,,,,,,,,,Finland,Finland National Grid,,,Industrial wood residues,PL 5,Heinola,18101,,,,,,
1002439,Leuhunkoski,Hydro,3.2,Saarijärvi / Leuhunkoski,,,,Vattenfall Sähköntuotanto oy,,,Finnish Energy Authority,http://www.energiavirasto.fi/en/voimalaitosrekisteri,,,,,,,,,,Finland,Finland National Grid,,,,Maaistraatinportti 4 A,Helsinki,240,,,,,,
1002384,Kauttua,Peat,19,Kauttuan voimalaitos,CHP,,,Adven Oy,,,Finnish Energy Authority,http://www.energiavirasto.fi/en/voimalaitosrekisteri,,,,,,,,,,Finland,Finland National Grid,,,,PL 162,Vantaa,1511,,,,,,
1002359,Jouttikallio,Oil,3.1,Lapua / Jouttikallio,,,,Vattenfall Sähköntuotanto oy,,,Finnish Energy Authority,http://www.energiavirasto.fi/en/voimalaitosrekisteri,,,,,,,,,,Finland,Finland National Grid,,,,Maaistraatinportti 4 A,Helsinki,240,,,,,,
1002636,Simo Leipiö,Wind,18,Simo Leipiö,,,,Tuuliwatti Oy,,,Finnish Energy Authority,http://www.energiavirasto.fi/en/voimalaitosrekisteri,,,,,,,,,,Finland,Finland National Grid,,,,Purotie 1,PL 100,(00)381,,,,,,
1002673,Hailikari,Wind,3.1,Hailikari,,,,Haminan Energia Oy,,,Finnish Energy Authority,http://www.energiavirasto.fi/en/voimalaitosrekisteri,,,,,,,,,,Finland,Finland National Grid,,,,Reutsinkatu 12,Hamina,49400,,,,,,
1002659,Latamäki,Wind,18,"Latamäki, Luhanka",,,,Ilmatar Luhanka Oy,,,Finnish Energy Authority,http://www.energiavirasto.fi/en/voimalaitosrekisteri,,,,,,,,,,Finland,Finland National Grid,,,,Bulevardi 7,Helsinki,120,,,,,,
1002675,Koirakari,Wind,3.1,Koirakari,,,,Haminan Energia Oy,,,Finnish Energy Authority,http://www.energiavirasto.fi/en/voimalaitosrekisteri,,,,,,,,,,Finland,Finland National Grid,,,,Reutsinkatu 12,Hamina,49400,,,,,,
1002529,Savonlinna,Biomass,17.5,Savonlinna,CHP,,,Järvi-Suomen Voima Oy,,,Finnish Energy Authority,http://www.energiavirasto.fi/en/voimalaitosrekisteri,,,,,,,,,,Finland,Finland National Grid,,,Forest fuelwood,Töölönkatu 4,Helsinki,100,,,,,,
1002556,Tampella ve,Hydro,3.01,Tampella ve,,,,Tampereen Sähkölaitos,,,Finnish Energy Authority,http://www.energiavirasto.fi/en/voimalaitosrekisteri,,,,,,,,,,Finland,Finland National Grid,,,,PL 175,TAMPERE,33101,,,,,,
1002352,Inkeroinen ve,Hydro,17,Inkeroinen,,,,Kemijoki Oy,,,Finnish Energy Authority,http://www.energiavirasto.fi/en/voimalaitosrekisteri,,,,,,,,,,Finland,Finland National Grid,,,,PL 8131,ROVANIEMI,96101,,,,,,
1002389,Kemi Ajos,Wind,3,"Ajos, Kemi",,,,Haminan Energia Oy,,,Finnish Energy Authority,http://www.energiavirasto.fi/en/voimalaitosrekisteri,,,,,,,,,,Finland,Finland National Grid,,,,Reutsinkatu 12,Hamina,48810,,,,,,
1002554,Tako T2 ja T5,Natural Gas,16.5,"M-real Tako Board kartonkitehdas, Tampere",CHP,,,Metsä Board Oyj,,,Finnish Energy Authority,http://www.energiavirasto.fi/en/voimalaitosrekisteri,,,,,,,,,,Finland,Finland National Grid,,,Heavy distillates,Revontulentie 6,Espoo,2100,,,,,,
1002417,Kristiinankaupunki tv,Wind,3,Kristiinankaupunki: Kristiina  T1 -T 3 (á 1 MW),,,,Innopower Oy,,,Finnish Energy Authority,http://www.energiavirasto.fi/en/voimalaitosrekisteri,,,,,,,,,,Finland,Finland National Grid,,,,"Töölönkatu 4, PL40",Helsinki,101,,,,,,
1002669,Puuska 2,Wind,16.5,Puuska 2,,,,Rajakiiri Oy,,,Finnish Energy Authority,http://www.energiavirasto.fi/en/voimalaitosrekisteri,,,,,,,,,,Finland,Finland National Grid,,,,Kirkkopuistikko 0,Vaasa,65100,,,,,,
1002502,Porvoo kt 3,Natural Gas,72.6,Porvoo kt 3,CHP,,,Neste Oil Oy,,,Finnish Energy Authority,http://www.energiavirasto.fi/en/voimalaitosrekisteri,,,,,,,,,,Finland,Finland National Grid,,,Medium heavy distillates,PL 310,Porvoo,6101,,,,,,
1002657,Mustilankangas,Wind,72.6,Kalajoki Mustilankangas,,,,Tuuliwatti Oy,,,Finnish Energy Authority,http://www.energiavirasto.fi/en/voimalaitosrekisteri,,,,,,,,,,Finland,Finland National Grid,,,,Purotie 1,PL 100,(00)381,,,,,,
1002329,Harjavalta,Hydro,72,Harjavallan voimalaitos,,,,Länsi-Suomen Voima Oy,,,Finnish Energy Authority,http://www.energiavirasto.fi/en/voimalaitosrekisteri,,,,,,,,,,Finland,Finland National Grid,,,,Voimalaitoksentie 70,Harjavalta,29200,,,,,,
1002412,Kotka,Biomass,72,Kotka,CHP,,,Kotka Mills Oy,,,Finnish Energy Authority,http://www.energiavirasto.fi/en/voimalaitosrekisteri,,,,,,,,,,Finland,Finland National Grid,,,Natural gas,PL 62-63,Kotka,48101,,,,,,
1002470,Nokia kombi,Natural Gas,72,"Nokia, Kerhokatu 10",CHP,,,Leppäkosken Sähkö Oy,,,Finnish Energy Authority,http://www.energiavirasto.fi/en/voimalaitosrekisteri,,,,,,,,,,Finland,Finland National Grid,,,Medium heavy distillates,Eino Salmelaisen katu 23,Ikaalinen,39501,,,,,,
1002516,Rauma,Biomass,71.5,Rauma,CHP,,,Rauman Biovoima Oy,,,Finnish Energy Authority,http://www.energiavirasto.fi/en/voimalaitosrekisteri,,,,,,,,,,Finland,Finland National Grid,,,Forest fuelwood,c/o UPM Oyj Rauma,26101 RAUMA,PL 95,,,,,,
1002452,Melo,Hydro,70,melo,,,,PVO Vesivoima Oy,,,Finnish Energy Authority,http://www.energiavirasto.fi/en/voimalaitosrekisteri,,,,,,,,,,Finland,Finland National Grid,,,,Virkkulantie 207,91100 Ii,91100,,,,,,
1002357,Joensuu,Natural Gas,68,Joensuun voimalaitos,CHP,,,Fortum Power and Heat Oy,,,Finnish Energy Authority,http://www.energiavirasto.fi/en/voimalaitosrekisteri,,,,,,,,,,Finland,Finland National Grid,,,Industrial wood residues,PL 100,FORTUM,48,,,,,,
1002434,Lappeenranta TG9,Biomass,67.3,Lappeenranta TG9,CHP,,,UPM-Kymmene Oyj,,,Finnish Energy Authority,http://www.energiavirasto.fi/en/voimalaitosrekisteri,,,,,,,,,,Finland,Finland National Grid,,,Heavy distillates,Ky-35,Kuusankoski,45700,,,,,,
1002346,Hämeenlinna,Natural Gas,65,Hämeenlinna,CHP,,,Elenia Lämpö Oy,,,Finnish Energy Authority,http://www.energiavirasto.fi/en/voimalaitosrekisteri,,,,,,,,,,Finland,Finland National Grid,,,Medium heavy distillates,Voimatie 32,Hämeenlinna,13110,,,,,,
1002472,Oksava,Hydro,3,Haapajärvi / Oksava,,,,Vattenfall Sähköntuotanto oy,,,Finnish Energy Authority,http://www.energiavirasto.fi/en/voimalaitosrekisteri,,,,,,,,,,Finland,Finland National Grid,,,,Maaistraatinportti 4 A,Helsinki,240,,,,,,
1002441,Lieksankoski,Hydro,16,Lieksankoski,,,,Kemijoki Oy,,,Finnish Energy Authority,http://www.energiavirasto.fi/en/voimalaitosrekisteri,,,,,,,,,,Finland,Finland National Grid,,,,PL 8131,ROVANIEMI,96101,,,,,,
1002548,Sälevä,Hydro,3,"Lapinlahti, Itäkoskentie 53, Paloinen",,,,Savon Voima Oyj,,,Finnish Energy Authority,http://www.energiavirasto.fi/en/voimalaitosrekisteri,,,,,,,,,,Finland,Finland National Grid,,,,PL 1024,Toivala,70901,,,,,,
1002522,"Röyttä, Tornion tehtaat, 11 generaattoria",Oil,16,Tornion Tehtaat Röyttä,,,,Outokumpu Stainless Oy,,,Finnish Energy Authority,http://www.energiavirasto.fi/en/voimalaitosrekisteri,,,,,,,,,,Finland,Finland National Grid,,,,Tornion Tehtaat,95400,95400,,,,,,
1002560,Tervasaari ve,Hydro,3,Tervasaari vesi,,,,UPM-Kymmene Oyj,,,Finnish Energy Authority,http://www.energiavirasto.fi/en/voimalaitosrekisteri,,,,,,,,,,Finland,Finland National Grid,,,,Ky-35,Kuusankoski,45700,,,,,,
1002347,Iisalmi,Peat,15,"Iisalmi, Energiakuja 3",CHP,,,Savon Voima Oyj,,,Finnish Energy Authority,http://www.energiavirasto.fi/en/voimalaitosrekisteri,,,,,,,,,,Finland,Finland National Grid,,,,PL 1024,Toivala,70901,,,,,,
1002585,Verla 1 ja 2,Hydro,3,Valkeala / Verla,,,,KSS Energia Oy,,,Finnish Energy Authority,http://www.energiavirasto.fi/en/voimalaitosrekisteri,,,,,,,,,,Finland,Finland National Grid,,,,Paimenpolku 3,Kouvola,45100,,,,,,
1002423,Kurittukoski,Hydro,15,Kurittukoski,,,,Kemijoki Oy,,,Finnish Energy Authority,http://www.energiavirasto.fi/en/voimalaitosrekisteri,,,,,,,,,,Finland,Finland National Grid,,,,PL 8131,ROVANIEMI,96101,,,,,,
1002618,Tahkoluoto tv,Wind,3,"Pori, Tahkoluoto",,,,Tuuliwatti Oy,,,Finnish Energy Authority,http://www.energiavirasto.fi/en/voimalaitosrekisteri,,,,,,,,,,Finland,Finland National Grid,,,,Purotie 1,PL 100,(00)381,,,,,,
1002485,Pankakoski,Hydro,15,Pankakoski,,,,Kemijoki Oy,,,Finnish Energy Authority,http://www.energiavirasto.fi/en/voimalaitosrekisteri,,,,,,,,,,Finland,Finland National Grid,,,,PL 8131,ROVANIEMI,96101,,,,,,
1002661,Rasmus 1 ja 2,Wind,3,"Rasmus 1 ja 2, Ilmajoki",,,,Koskenkorvan Tuulivoima Oy,,,Finnish Energy Authority,http://www.energiavirasto.fi/en/voimalaitosrekisteri,,,,,,,,,,Finland,Finland National Grid,,,,"c/o Tapani Lehtonen, Tiilitie 210",Koskenkorva,61330,,,,,,
1002632,Tuulipuisto Ristiveto tv,Wind,15,Merjärvi,,,,Oy Perhonjoki Ab,,,Finnish Energy Authority,http://www.energiavirasto.fi/en/voimalaitosrekisteri,,,,,,,,,,Finland,Finland National Grid,,,,Storgatan 8,Pietarsaari,68600,,,,,,
1002681,LW Pensala,Wind,3,Norrpiggvägen,,,,Årvas Wind Ab,,,Finnish Energy Authority,http://www.energiavirasto.fi/en/voimalaitosrekisteri,,,,,,,,,,Finland,Finland National Grid,,,,Backasvägen 4,Pensala,66840,,,,,,
1002660,Svalskulla,Wind,15,"Svalskulla, Närpiö",,,,VindIn Svalskulla Ab/Oy,,,Finnish Energy Authority,http://www.energiavirasto.fi/en/voimalaitosrekisteri,,,,,,,,,,Finland,Finland National Grid,,,,c/o Accounting Services Tilimatic Mannerheimintie 16 A 3,Helsinki,100,,,,,,
1002682,LW Mustaisneva 6,Wind,3,Halmeen metsätie 29,,,,Suotuuli Oy,,,Finnish Energy Authority,http://www.energiavirasto.fi/en/voimalaitosrekisteri,,,,,,,,,,Finland,Finland National Grid,,,,Kokonkyläntie 257,Kauhajoki,61800,,,,,,
1002540,Sopenkorpi,Oil,14.5,"Sopenkorpi Mestarinkatu 11, Lahti",,,,Lahti Energia Oy,,,Finnish Energy Authority,http://www.energiavirasto.fi/en/voimalaitosrekisteri,,,,,,,,,,Finland,Finland National Grid,,,,,,15141,,,,,,
1002508,Pyhännänkoski,Hydro,2.9,Ristijärvi (Pyhännänkoski,,,,Kainuun Energia Oy,,,Finnish Energy Authority,http://www.energiavirasto.fi/en/voimalaitosrekisteri,,,,,,,,,,Finland,Finland National Grid,,,,Ahontie 1,Kajaani,87101,,,,,,
1002612,Ämmässuo,Biomass,14.42,Ämmässuon jätteenkäsittelykeskus,CHP,,,Helsingin seudun ympäristöpalvelut -kuntayhtymä (HSY),,,Finnish Energy Authority,http://www.energiavirasto.fi/en/voimalaitosrekisteri,,,,,,,,,,Finland,Finland National Grid,,,,PL 100,HSY,66,,,,,,
1002588,Vilppulan saha,Biomass,2.9,Vilppula,CHP,,,Biokraft Oy,,,Finnish Energy Authority,http://www.energiavirasto.fi/en/voimalaitosrekisteri,,,,,,,,,,Finland,Finland National Grid,,,Industrial wood residues,c/o Vapo Oy,PL 22,40101,,,,,,
1002569,Uusikaupunki,Oil,14.2,"Uusukaupunki, Hangonsaari",CHP,,,Yara Suomi Oy,,,Finnish Energy Authority,http://www.energiavirasto.fi/en/voimalaitosrekisteri,,,,,,,,,,Finland,Finland National Grid,,,Heavy distillates,PL 5 Uusikaupunki,Uusikaupunki,23501,,,,,,
1002426,Kuusaanniemi,Biomass,64,Kuusanniemi,CHP,,,UPM-Kymmene Oyj,,,Finnish Energy Authority,http://www.energiavirasto.fi/en/voimalaitosrekisteri,,,,,,,,,,Finland,Finland National Grid,,,Natural gas,Ky-35,Kuusankoski,45700,,,,,,
1002467,Naistenlahti 2,Natural Gas,62.2,Naistenlahti 2,CHP,,,Tampereen Sähkölaitos,,,Finnish Energy Authority,http://www.energiavirasto.fi/en/voimalaitosrekisteri,,,,,,,,,,Finland,Finland National Grid,,,Forest fuelwood,PL 175,TAMPERE,33101,,,,,,
1002552,Tainionkoski,Hydro,61.5,Tainionkoski,,,,"Fortum Power & Heat , Generation",,,Finnish Energy Authority,http://www.energiavirasto.fi/en/voimalaitosrekisteri,,,,,,,,,,Finland,Finland National Grid,,,,Keilaniementie 1,PL 100,00048 Fortum,,,,,,
1002416,Kristiinankaupunki kt,Oil,60,"Kristiinankaupunki kt 1, 2",,,,Fingrid Oyj,,,Finnish Energy Authority,http://www.energiavirasto.fi/en/voimalaitosrekisteri,,,,,,,,,,Finland,Finland National Grid,,,,PL 530 ( Arkadiakatu 23 B),Helsinki,100,,,,,,
1002512,Raasakka,Hydro,60,raasakka,,,,PVO Vesivoima Oy,,,Finnish Energy Authority,http://www.energiavirasto.fi/en/voimalaitosrekisteri,,,,,,,,,,Finland,Finland National Grid,,,,Virkkulantie 207,91100 Ii,91100,,,,,,
1002568,Utanen,Hydro,57.8,Utanen,,,,"Fortum Power & Heat , Generation",,,Finnish Energy Authority,http://www.energiavirasto.fi/en/voimalaitosrekisteri,,,,,,,,,,Finland,Finland National Grid,,,,Keilaniementie 1,PL 100,00048 Fortum,,,,,,
1002365,Jylhämä,Hydro,55,Jylhämä,,,,"Fortum Power & Heat , Generation",,,Finnish Energy Authority,http://www.energiavirasto.fi/en/voimalaitosrekisteri,,,,,,,,,,Finland,Finland National Grid,,,,Keilaniementie 1,PL 100,00048 Fortum,,,,,,
1002639,Pori Peittoo,Wind,54,Pori Peittoo,,,,Tuuliwatti Oy,,,Finnish Energy Authority,http://www.energiavirasto.fi/en/voimalaitosrekisteri,,,,,,,,,,Finland,Finland National Grid,,,,Purotie 1,PL 100,(00)381,,,,,,
1002651,Torkkolan tuulipuisto,Wind,52.8,Torkkola,,,,EPV Tuulivoima Oy,,,Finnish Energy Authority,http://www.energiavirasto.fi/en/voimalaitosrekisteri,,,,,,,,,,Finland,Finland National Grid,,,,Kirkkopuistikko 0,Vaasa,65100,,,,,,
1002551,Tahkoluoto kt,Peat,52,"Tahkoluoto kt 1, 2",,,,Fingrid Oyj,127.779,,Finnish Energy Authority,http://www.energiavirasto.fi/en/voimalaitosrekisteri,ENTSOE (for generation only),https://transparency.entsoe.eu/generation/r2/installedCapacityPerProductionUnit/show,,,,,,,,Finland,Finland National Grid,,,,PL 530 ( Arkadiakatu 23 B),Helsinki,100,,,,,,
1002489,Permantokoski,Hydro,14,Permantokoski,,,,Kemijoki Oy,,,Finnish Energy Authority,http://www.energiavirasto.fi/en/voimalaitosrekisteri,,,,,,,,,,Finland,Finland National Grid,,,,PL 8131,ROVANIEMI,96101,,,,,,
1002601,Ämmä,Hydro,14,Ämmä,,,,"Fortum Power & Heat , Generation",,,Finnish Energy Authority,http://www.energiavirasto.fi/en/voimalaitosrekisteri,,,,,,,,,,Finland,Finland National Grid,,,,Keilaniementie 1,PL 100,00048 Fortum,,,,,,
1002393,Kiimassuo,Peat,13.5,Forssa,CHP,,,Vapo Oy,,,Finnish Energy Authority,http://www.energiavirasto.fi/en/voimalaitosrekisteri,,,,,,,,,,Finland,Finland National Grid,,,Medium heavy distillates,PL 22,Jyväskylä,40101,,,,,,
1002526,Salo,Peat,13.5,Salo,CHP,,,Voimavasu Oy,,,Finnish Energy Authority,http://www.energiavirasto.fi/en/voimalaitosrekisteri,,,,,,,,,,Finland,Finland National Grid,,,Industrial wood residues,PL 22,Jyväskylä,40101,,,,,,
1002565,Tyrvää,Hydro,13.5,Tyrvää,,,,UPM-Kymmene Oyj,,,Finnish Energy Authority,http://www.energiavirasto.fi/en/voimalaitosrekisteri,,,,,,,,,,Finland,Finland National Grid,,,,Ky-35,Kuusankoski,37601,,,,,,
1002642,Westenergy jätteenpolttolaitos,Natural Gas,13.2,"Energiatie 37, 66530 Koivulahti",,,,Vaasan Sähkö Oy (Westenergy Oy Ab),,,Finnish Energy Authority,http://www.energiavirasto.fi/en/voimalaitosrekisteri,,,,,,,,,,Finland,Finland National Grid,,,,PL 26,Vaasa,65101,,,,,,
1002671,Pyhänkoski,Wind,13.2,Pyhänkoski,,,,CHORUS Wind Pyhänkoski Oy,,,Finnish Energy Authority,http://www.energiavirasto.fi/en/voimalaitosrekisteri,,,,,,,,,,Finland,Finland National Grid,,,,Elielinaukio 5B,Helsinki,100,,,,,,
1002497,Porin tuulipuisto tv 1 - 10,Wind,13,Pori (Tahkoluoto / Reposaari),,,,Suomen Hyötytuuli Oy,,,Finnish Energy Authority,http://www.energiavirasto.fi/en/voimalaitosrekisteri,,,,,,,,,,Finland,Finland National Grid,,,,Radanvarsi 2,PORI,28100,,,,,,
1002345,Hämeenkyrö ve,Hydro,12.9,Kyröskoski,,,,KYRÖSKOSKEN VOIMA OY,,,Finnish Energy Authority,http://www.energiavirasto.fi/en/voimalaitosrekisteri,,,,,,,,,,Finland,Finland National Grid,,,,"PL 12 /co Vatajankosken Sähkö Oy, vakka suomen voima",Kankaanpää,38701,,,,,,
1002683,Tammervoima,Natural Gas,12.3,Tammervoima / Hyötyvoimankuja 1,,,,Tammervoima Oy,,,Finnish Energy Authority,http://www.energiavirasto.fi/en/voimalaitosrekisteri,,,,,,,,,,Finland,Finland National Grid,,,Medium heavy distillates,Voimakatu 17,Tampere,33100,,,,,,
1002342,Hovinsaari,Peat,51,Hovinsaari,CHP,,,Kotkan Energia Oy,,,Finnish Energy Authority,http://www.energiavirasto.fi/en/voimalaitosrekisteri,,,,,,,,,,Finland,Finland National Grid,,,,Kotkantie 2,Kotka,48100,,,,,,
1002509,Pälli,Hydro,50.7,Pälli,,,,"Fortum Power & Heat , Generation",,,Finnish Energy Authority,http://www.energiavirasto.fi/en/voimalaitosrekisteri,,,,,,,,,,Finland,Finland National Grid,,,,Keilaniementie 1,PL 100,00048 Fortum,,,,,,
1002574,Vanaja kt 1,Oil,50,Vanaja kt,,,,Fingrid Oyj,,,Finnish Energy Authority,http://www.energiavirasto.fi/en/voimalaitosrekisteri,,,,,,,,,,Finland,Finland National Grid,,,,PL 530 ( Arkadiakatu 23 B),Helsinki,100,,,,,,
1002502,Porvoo kt 2,Natural Gas,48,Porvoo kt 2,CHP,,,Neste Oil Oy,,,Finnish Energy Authority,http://www.energiavirasto.fi/en/voimalaitosrekisteri,,,,,,,,,,Finland,Finland National Grid,,,Medium heavy distillates,PL 310,Porvoo,6101,,,,,,
1002603,Äänekoski,Biomass,48,Metsä Fibre Äänekosken tehdas,CHP,,,Metsä Fibre Oy,,,Finnish Energy Authority,http://www.energiavirasto.fi/en/voimalaitosrekisteri,,,,,,,,,,Finland,Finland National Grid,,,Heavy distillates,Revontulentie 6,Espoo,2100,,,,,,
1002456,Montta,Hydro,47.3,Montta,,,,"Fortum Power & Heat , Generation",,,Finnish Energy Authority,http://www.energiavirasto.fi/en/voimalaitosrekisteri,,,,,,,,,,Finland,Finland National Grid,,,,Keilaniementie 1,PL 100,00048 Fortum,,,,,,
1002668,Myllykangas,Wind,45.6,Myllykangas,,,,Myllykankaan tuulipuisto Ky,,,Finnish Energy Authority,http://www.energiavirasto.fi/en/voimalaitosrekisteri,,,,,,,,,,Finland,Finland National Grid,,,,Tuulijärventie 1338,Kuivaniemi,95100,,,,,,
1002337,Hinkismäki,Natural Gas,45,Kouvola / Hinkismäki,CHP,,,KSS Energia Oy,,,Finnish Energy Authority,http://www.energiavirasto.fi/en/voimalaitosrekisteri,,,,,,,,,,Finland,Finland National Grid,,,Medium heavy distillates,Paimenpolku 3,Kouvola,45100,,,,,,
1002407,Kolsi,Hydro,45,Kolsin voimalaitos Kokemäki,,,,Kolsin Vesivoimantuotanto Oy,,,Finnish Energy Authority,http://www.energiavirasto.fi/en/voimalaitosrekisteri,,,,,,,,,,Finland,Finland National Grid,,,,Kolsintie 230,KOKEMÄKI,32800,,,,,,
1002307,Aittokoski,Hydro,44.8,Aittokoski,,,,"Fortum Power & Heat , Generation",,,Finnish Energy Authority,http://www.energiavirasto.fi/en/voimalaitosrekisteri,,,,,,,,,,Finland,Finland National Grid,,,,Keilaniementie 1,PL 100,00048 Fortum,,,,,,
1002374,Kallioinen,Hydro,12,Kallioinen,,,,UPM-Kymmene Oyj,,,Finnish Energy Authority,http://www.energiavirasto.fi/en/voimalaitosrekisteri,,,,,,,,,,Finland,Finland National Grid,,,,Ky-35,Kuusankoski,45700,,,,,,
1002463,Mänttä lä,Natural Gas,12,Tehtaankatu 20 Mänttä,CHP,,,Mäntän Energia Oy,,,Finnish Energy Authority,http://www.energiavirasto.fi/en/voimalaitosrekisteri,,,,,,,,,,Finland,Finland National Grid,,,Forest fuelwood,Lampilinnantie 4,Mänttä,35800,,,,,,
1002613,Summa tv,Wind,12,Summa tv,,,,Haminan Energia,,,Finnish Energy Authority,http://www.energiavirasto.fi/en/voimalaitosrekisteri,,,,,,,,,,Finland,Finland National Grid,,,,Reutsinkatu 12,Hamina,49400,,,,,,
1002674,Jokelan tuulipuisto 1,Wind,12,Jokelan tuulipuisto 1,,,,wpd Jokelan Tuulipuisto Oy,,,Finnish Energy Authority,http://www.energiavirasto.fi/en/voimalaitosrekisteri,,,,,,,,,,Finland,Finland National Grid,,,,c/o wpd Finland Oy Keilaranta 13,Espoo,2150,,,,,,
1002674,Jokelan tuulipuisto 2,Wind,12,Jokelan tuulipuisto 2,,,,wpd Jokelan Tuulipuisto Oy,,,Finnish Energy Authority,http://www.energiavirasto.fi/en/voimalaitosrekisteri,,,,,,,,,,Finland,Finland National Grid,,,,c/o wpd Finland Oy Keilaranta 13,Espoo,2150,,,,,,
1002676,Jokelan tuulipuisto 3,Wind,12,Jokelan tuulipuisto 3,,,,wpd Jokelan Tuulipuisto Oy,,,Finnish Energy Authority,http://www.energiavirasto.fi/en/voimalaitosrekisteri,,,,,,,,,,Finland,Finland National Grid,,,,c/o wpd Finland Oy Keilaranta 13,Espoo,2150,,,,,,
1002317,Energia-Tietola,Natural Gas,11.6,Energia-Tietola,,,,Valkeakosken Energia Oy,,,Finnish Energy Authority,http://www.energiavirasto.fi/en/voimalaitosrekisteri,,,,,,,,,,Finland,Finland National Grid,,,,PL 89,Valkeakoski,37601,,,,,,
1002381,Katerma,Hydro,11.5,Katerma,,,,UPM-Kymmene Oyj,,,Finnish Energy Authority,http://www.energiavirasto.fi/en/voimalaitosrekisteri,,,,,,,,,,Finland,Finland National Grid,,,,Ky-35,Kuusankoski,45700,,,,,,
1002558,Tervakoski lä,Natural gas,11.4,Tervakoski,CHP,,,Tervakoski Oy,,,Finnish Energy Authority,http://www.energiavirasto.fi/en/voimalaitosrekisteri,,,,,,,,,,Finland,Finland National Grid,,,Heavy distillates,Vähikkäläntie 1,Tervakoski,12400,,,,,,
1002627,"Tolkkinen, Biolaitos",Biomass,11.3,"Tolkkinen, Biolaitos",CHP,,,Porvoon Energia Oy,,,Finnish Energy Authority,http://www.energiavirasto.fi/en/voimalaitosrekisteri,,,,,,,,,,Finland,Finland National Grid,,,Industrial wood residues,Mannerheiminkatu 24,Porvoo,6100,,,,,,
1002366,Jämsänkoski bv,Biomass,43,Jämsänkosken tehtaan voimalaitos,CHP,,,UPM-Kymmene Oyj,,,Finnish Energy Authority,http://www.energiavirasto.fi/en/voimalaitosrekisteri,,,,,,,,,,Finland,Finland National Grid,,,Peat,PL35,Jämsänkoski,42301,,,,,,
1002482,Pahkakoski,Hydro,42.1,pahkakoski,,,,PVO Vesivoima Oy,,,Finnish Energy Authority,http://www.energiavirasto.fi/en/voimalaitosrekisteri,,,,,,,,,,Finland,Finland National Grid,,,,Virkkulantie 207,91100 Ii,91100,,,,,,
1002453,Merikoski,Hydro,42,"Koskitie 30, Oulu, Merikosken voimalaitos",,,,Oulun Energia,,,Finnish Energy Authority,http://www.energiavirasto.fi/en/voimalaitosrekisteri,,,,,,,,,,Finland,Finland National Grid,,,,"Kasarmintie 6, PL 116",Oulu,90101,,,,,,
1002559,Tervasaari lä,Biomass,41,Tervasaari VP2 ja 3,CHP,,,UPM-Kymmene Oyj,,,Finnish Energy Authority,http://www.energiavirasto.fi/en/voimalaitosrekisteri,,,,,,,,,,Finland,Finland National Grid,,,Natural gas,Ky-35,Kuusankoski,37601,,,,,,
1002444,Loviisa kt,Unknown,40,"Loviisa kt 1, 2",,,,Fingrid Oyj,,,Finnish Energy Authority,http://www.energiavirasto.fi/en/voimalaitosrekisteri,,,,,,,,,,Finland,Finland National Grid,,,,PL 530 ( Arkadiakatu 23 B),Helsinki,100,,,,,,
1002465,Naantali kt,Separate electricity production,40,"Naantali kt 1, 2",,,,Fingrid Oyj,,,Finnish Energy Authority,http://www.energiavirasto.fi/en/voimalaitosrekisteri,,,,,,,,,,Finland,Finland National Grid,,,,PL 530 ( Arkadiakatu 23 B),Helsinki,100,,,,,,
1002503,Porvoo Tolkkinen,Oil,40,"Tolkkinen kt 1, 2",,,,Fingrid Oyj,,,Finnish Energy Authority,http://www.energiavirasto.fi/en/voimalaitosrekisteri,,,,,,,,,,Finland,Finland National Grid,,,,PL 530 ( Arkadiakatu 23 B),Helsinki,100,,,,,,
1002664,Kymijärvi 2,Natural Gas,40,"Kymijärvi2 Voimakatu 16, Lahti",,,,Lahti Energia Oy,,,Finnish Energy Authority,http://www.energiavirasto.fi/en/voimalaitosrekisteri,,,,,,,,,,Finland,Finland National Grid,,,Natural gas,,,15141,,,,,,
1002564,Tornio,Peat,39.3,Tornio; Tornion voimalaitos,CHP,,,Tornion Voima Oy,,,Finnish Energy Authority,http://www.energiavirasto.fi/en/voimalaitosrekisteri,,,,,,,,,,Finland,Finland National Grid,,,Forest fuelwood,"c/o Etelä-Pohjanmaan Voima Oy, Frilundintie 7",Vaasa,65170,,,,,,
1002447,Maalismaa,Hydro,38.5,maalismaa,,,,PVO Vesivoima Oy,,,Finnish Energy Authority,http://www.energiavirasto.fi/en/voimalaitosrekisteri,,,,,,,,,,Finland,Finland National Grid,,,,Virkkulantie 207,91100 Ii,91100,,,,,,
