PowerWatch ID,Name,Fuel,Capacity (MW),Location,Plant type,Commissioning Year,Units,Owner,Annual Generation (GWh),Other,Source,URL,Source 2,URL 2,Efficiency,Fuel Consumption (gm/kWh),Peak Load MW,Load Factor,Capacity Factor,Availability,Status,Country,Grid Balancing Area,Latitude,Longitude,Secondary Fuel,Address,Town,Postal Code,Cooling Type,Cooling Source,Grid Connection,Natural_Language,CO2_annual_reported,CO2_specific_emissions_tCO2/MWh,
,,,15274.55,,,,,,,,,,,,,,,,,,,,,,,,,,,,,,,,,
1019438,Monastiri I,Wind,6,,Onshore Wind,,,,,,Public Power Company of Greece,http://www.ppcr.gr/Energy.aspx?C=28,,,,,,,,,Operating,Greece,,,,,,,,,,,,,,
1019439,Voskero,Wind,6,,Onshore Wind,,,,,,Public Power Company of Greece,http://www.ppcr.gr/Energy.aspx?C=28,,,,,,,,,Operating,Greece,,,,,,,,,,,,,,
1019440,Kouloukonas,Wind,5,,Onshore Wind,,,,,,Public Power Company of Greece,http://www.ppcr.gr/Energy.aspx?C=28,,,,,,,,,Operating,Greece,,,,,,,,,,,,,,
1026621,DIDIMOS LOFOS,Wind,26,Evros,Onshore Wind,2005,,TERNA,,,TERNA,http://www.terna-energy.com/activities/?EntryId=4b05f806-1cbf-4aa4-b3e9-00a780fc0e5d&catid=67e8558e-78c1-44cc-9d53-56994d9e6f7e&countryId=5a53c3a7-cff0-49a4-ba90-5538b3418e40,,,,,,,,,Operating,Greece,,41.055665,25.98112,,,,,,,,,,,
1026622,TSOUKA TSOUGARI,Wind,12,Evia,Onshore Wind,2000,16,TERNA,,,TERNA,http://www.terna-energy.com/activities/?catid=67e8558e-78c1-44cc-9d53-56994d9e6f7e&countryId=5a53c3a7-cff0-49a4-ba90-5538b3418e40,,,,,,,,,Operating,Greece,,38.271291,24.236589,,,,,,,,,,,
1026623,KREKEZA MOUGOLIOS,Wind,12,Viotia,Onshore Wind,2011,6,TERNA,,,TERNA,http://www.terna-energy.com/activities/?catid=67e8558e-78c1-44cc-9d53-56994d9e6f7e&countryId=5a53c3a7-cff0-49a4-ba90-5538b3418e40,,,,,,,,,Operating,Greece,,38.158175,23.584312,,,,,,,,,,,
1026624,Chonos,Wind,4.5,Lasithi,Onshore Wind,2006,6,TERNA,,,TERNA,http://www.terna-energy.com/activities/?catid=67e8558e-78c1-44cc-9d53-56994d9e6f7e&countryId=5a53c3a7-cff0-49a4-ba90-5538b3418e40,,,,,,,,,Operating,Greece,,35.213168,26.226487,,,,,,,,,,,
1026625,DERVENI-MIKRO DERVENI-SLIVA,Wind,24,Evros / Region of East Macedonia and Thrace,Onshore Wind,2015,12,TERNA,,,TERNA,http://www.terna-energy.com/activities/?EntryId=a79cea9c-acfe-4705-b1f7-21db0e40e9ff&catid=67e8558e-78c1-44cc-9d53-56994d9e6f7e&countryId=5a53c3a7-cff0-49a4-ba90-5538b3418e40,,,,,,,,,Operating,Greece,,37.479095,23.12761,,,,,,,,,,,
1026626,GOURI MELES,Wind,32.2,Mandra Idillia/ Attica Prefecture,Onshore Wind,2014,11,TERNA,,,TERNA,http://www.terna-energy.com/activities/?EntryId=ca636671-633e-442f-a6f1-3ca8d8256446&catid=67e8558e-78c1-44cc-9d53-56994d9e6f7e&countryId=5a53c3a7-cff0-49a4-ba90-5538b3418e40,,,,,,,,,Operating,Greece,,38.211782,23.427796,,,,,,,,,,,
1026627,TSIKNA PRINIAS PROFITIS ILIAS PYRGARI,Wind,11.2,Evia,Onshore Wind,2001,17,TERNA,,,TERNA,http://www.terna-energy.com/activities/?EntryId=3a45cd7b-b8c9-4893-bfc2-4d24069c1e4e&catid=67e8558e-78c1-44cc-9d53-56994d9e6f7e&countryId=5a53c3a7-cff0-49a4-ba90-5538b3418e40,,,,,,,,,Operating,Greece,,38.286335,24.238636,,,,,,,,,,,
1019392,Polyphyto,Hydro,124,Aliakmon Polyphyto,Earthfill dam with Reservoir,1974,,,413,,"Global Water System Project (for name, location, and age)",http://sedac.ciesin.columbia.edu/data/collection/grand-v25,"Large Dam Database in Greece (location, capacity, fuel, plant type)",http://users.itia.ntua.gr/nikos/dams/list%20of%20dams/LIST%20OF%20DAMS.htm,,,,,,,Operating,Greece,,40.30125,22.100417,,,,,Kozani,,,,4008,Point,4009
1026628,Chlyos,Wind,11.7,Evros,Onshore Wind,2014,5,TERNA,,,TERNA,http://www.terna-energy.com/activities/?catid=67e8558e-78c1-44cc-9d53-56994d9e6f7e&countryId=5a53c3a7-cff0-49a4-ba90-5538b3418e40,,,,,,,,,Operating,Greece,,,,,,,,,,,,,,
1019398,Ilarionas,Hydro,154,,Dam with Reservoir,2011,,,,,"Global Water System Project (for name, location, and age)",http://sedac.ciesin.columbia.edu/data/collection/grand-v30,Hydro World,http://www.hydroworld.com/index/display/article-display/5776147171/articles/hrhrw/News/Greek_firm_orders_turbine-generators_for_154-MW_Ilarionas.html,,,,,,,Operating,Greece,,40.0966,21.8039,,,,,,,,,,,
1026629,LOUZES AGATHAKI RIGANI,Wind,24,Etoloakarnania,Onshore Wind,2008,12,TERNA,,,TERNA,http://www.terna-energy.com/activities/?EntryId=5f9f737c-db1c-4931-859d-55c4fba61802&catid=67e8558e-78c1-44cc-9d53-56994d9e6f7e&countryId=5a53c3a7-cff0-49a4-ba90-5538b3418e40,,,,,,,,,Operating,Greece,,,,,,,,,,,,,,
1019387,Pigae Aoos,Hydro,210,Aoos,,1989,,,165,,"Global Water System Project (for name, location, and age)",http://sedac.ciesin.columbia.edu/data/collection/grand-v26,"Large Dam Database in Greece (location, capacity, fuel, plant type)",http://users.itia.ntua.gr/nikos/dams/list%20of%20dams/LIST%20OF%20DAMS.htm,,,,,,,Operating,Greece,,39.687083,20.842083,,,,,Ioannina,,,,4015,Point,4016
1019388,Messochora,Hydro,160,Acheloos,Concrete Faced Rockfill Dam with Reservoir,1995,,,372,,"Global Water System Project (for name, location, and age)",http://sedac.ciesin.columbia.edu/data/collection/grand-v39,"Large Dam Database in Greece (location, capacity, fuel, plant type)",http://users.itia.ntua.gr/nikos/dams/list%20of%20dams/LIST%20OF%20DAMS.htm,,,,,,,Operating,Greece,,39.464583,21.302083,,,,,Trikala,,,,6842,Point,6843
1019389,Sykia,Hydro,160,,Rockfill Dam with Reservoir,,,,,,"Global Water System Project (for name, location, and age)",http://users.itia.ntua.gr/nikos/dams/list%20of%20dams/r_Aliakmonas/aliakmonas%20dams.htm,,,,,,,,,Operating,Greece,,39.31361,21.412957,,,,,,,,,,,
1019399,Louros Dam,Hydro,10,Preveza,Gravity Dam with Reservoir,1954,,,50,,Large Dam Database in Greece,http://users.itia.ntua.gr/nikos/dams/list%20of%20dams/r_Aliakmonas/aliakmonas%20dams.htm,,,,,,,,,Operating,Greece,,39.251371,20.865655,,,,,,,,,,,
1019391,Plastiras,Hydro,130,Tavropos,Dam with Reservoir,1959,,,198,,"Global Water System Project (for name, location, and age)",http://sedac.ciesin.columbia.edu/data/collection/grand-v27,"Large Dam Database in Greece (location, capacity, fuel, plant type)",http://users.itia.ntua.gr/nikos/dams/list%20of%20dams/LIST%20OF%20DAMS.htm,,,,,,,Operating,Greece,,39.24125,21.747917,,,,,Karditsa,,,,4020,Point,4021
1019384,Pournari,Hydro,334,Arachthos,Earthfill dam with Reservoir,1981,,,280,,"Global Water System Project (for name, location, and age)",http://sedac.ciesin.columbia.edu/data/collection/grand-v28,"Large Dam Database in Greece (location, capacity, fuel, plant type)",http://users.itia.ntua.gr/nikos/dams/list%20of%20dams/LIST%20OF%20DAMS.htm,,,,,,,Operating,Greece,,39.187083,21.02625,,,,,Arta,,,,4021,Point,4022
1019397,Smokovo,Hydro,10,Sofaditis,Rockfill Dam with Reservoir,1994,,,30,,"Global Water System Project (for name, location, and age)",http://sedac.ciesin.columbia.edu/data/collection/grand-v29,"Large Dam Database in Greece (location, capacity, fuel, plant type)",http://users.itia.ntua.gr/nikos/dams/list%20of%20dams/LIST%20OF%20DAMS.htm,,,,,,,Operating,Greece,,39.14625,22.062917,,,,,Karditsa,,,,4023,Point,4024
1019382,Kremasta,Hydro,437,Acheloos,Earthfill dam with Reservoir,1965,,,848,,"Global Water System Project (for name, location, and age)",http://sedac.ciesin.columbia.edu/data/collection/grand-v30,"Large Dam Database in Greece (location, capacity, fuel, plant type)",http://users.itia.ntua.gr/nikos/dams/list%20of%20dams/LIST%20OF%20DAMS.htm,,,,,,,Operating,Greece,,38.890417,21.499583,,,,,Agrinio,,,,4025,Point,4026
1023514,South Rhodes Power Plant,Diesel,206,,Diesel Engine,,,,,,Public Power Corporation of Greece,https://www.dei.gr/Default.aspx?t=MapStation.aspx&id=155&nt=124&lang=2,TERNA,http://www.terna.gr/activities/energy/project-power-plant-in-rhodes-island,,,,,,,Operating,Greece,,36.37887,28.01857,,,,,,,,,,,
1019380,Linoperamata,Diesel,193,,Diesel Engine,,12 units,,,,Public Power Corporation of Greece,https://www.dei.gr/Default.aspx?t=MapStation.aspx&id=170&nt=124&lang=2,,,,,,,,,Operating,Greece,,35.34,25.0523,,,,,,,,,,,
1019381,Atherinolakkos,Diesel,102,,Diesel Engine,,,,,,Public Power Corporation of Greece,https://www.dei.gr/en/i-dei/i-etairia/tomeis-drastiriotitas/paragwgi/analutikos-xartis-stathmwn,,,,,,,,,Operating,Greece,,35.0038,26.1397,,,,,,,,,,,
1019383,Thissavros,Hydro,381,Nestos,Rockfil Dam with Reservoir,1996,,,440,,"Global Water System Project (for name, location, and age)",http://sedac.ciesin.columbia.edu/data/collection/grand-v21,"Large Dam Database in Greece (location, capacity, fuel, plant type)",http://users.itia.ntua.gr/nikos/dams/list%20of%20dams/LIST%20OF%20DAMS.htm,,,,,,,Operating,Greece,,41.35375,24.362917,,,,,Drama,,,,3990,Point,3991
1019393,Platanovryssi,Hydro,108,Nestos,,1997,,,240,,"Global Water System Project (for name, location, and age)",http://sedac.ciesin.columbia.edu/data/collection/grand-v22,"Large Dam Database in Greece (location, capacity, fuel, plant type)",http://users.itia.ntua.gr/nikos/dams/list%20of%20dams/LIST%20OF%20DAMS.htm,,,,,,,Operating,Greece,,41.337083,24.454583,,,,,Drama,,,,3991,Point,3992
1019443,Perdikas,Hydro,320,,Dam with Reservoir,,Public Power Corporation of Greece,,598,,Large Dam Database in Greece,http://users.itia.ntua.gr/nikos/dams/list%20of%20dams/Perdikas%20Dam/perdikas%20dam.htm,,,,,,,,,Operating,Greece,,40.566436,21.675946,,,,,,,,,,,
1019394,Assomata,Hydro,108,Aliakmon,,1985,,,130,,"Global Water System Project (for name, location, and age)",http://sedac.ciesin.columbia.edu/data/collection/grand-v23,"Large Dam Database in Greece (location, capacity, fuel, plant type)",http://users.itia.ntua.gr/nikos/dams/list%20of%20dams/LIST%20OF%20DAMS.htm,,,,,,,Operating,Greece,,40.47375,22.242083,,,,,Veria,,,,4006,Point,4007
1019386,Sfikia,Hydro,315,Aliakmon,,1985,,,380,,"Global Water System Project (for name, location, and age)",http://sedac.ciesin.columbia.edu/data/collection/grand-v24,"Large Dam Database in Greece (location, capacity, fuel, plant type)",http://users.itia.ntua.gr/nikos/dams/list%20of%20dams/LIST%20OF%20DAMS.htm,,,,,,,Operating,Greece,,40.395417,22.19125,,,,,Veria,,,,4007,Point,4008
1019385,Kastraki,Hydro,320,Acheloos,Earthfill dam with Reservoir,1969,,,598,,"Global Water System Project (for name, location, and age)",http://sedac.ciesin.columbia.edu/data/collection/grand-v31,"Large Dam Database in Greece (location, capacity, fuel, plant type)",http://users.itia.ntua.gr/nikos/dams/list%20of%20dams/LIST%20OF%20DAMS.htm,,,,,,,Operating,Greece,,38.74125,21.365417,,,,,Agrinion,,,,4027,Point,4028
1019390,Stratos,Hydro,150,Acheloos,Earthfill dam with Reservoir,1988,,,237,,"Global Water System Project (for name, location, and age)",http://sedac.ciesin.columbia.edu/data/collection/grand-v32,"Large Dam Database in Greece (location, capacity, fuel, plant type)",http://users.itia.ntua.gr/nikos/dams/list%20of%20dams/LIST%20OF%20DAMS.htm,,,,,,,Operating,Greece,,38.67875,21.325417,,,,,Agrinio,,,,4028,Point,4029
1019395,Ladhon,Hydro,70,Ladhon,,1955,,,,,"Global Water System Project (for name, location, and age)",http://sedac.ciesin.columbia.edu/data/collection/grand-v37,"Large Dam Database in Greece (location, capacity, fuel, plant type)",http://users.itia.ntua.gr/nikos/dams/list%20of%20dams/LIST%20OF%20DAMS.htm,,,,,,,Operating,Greece,,37.765417,21.982917,,,,,Patra,,,,4036,Point,4037
1019396,Edesseos,Hydro,19,,,,,,,,"Public Power Corporation of Greece (capacity, fuel, location)",https://www.dei.gr/Default.aspx?t=MapStation.aspx&id=173&nt=124&lang=2,,,,,,,,,Operating,Greece,,,,,,,,,,,,,,
1019441,Ladonas,Hydro,70,,Dam with Reservoir,,,,,,Public Power Corporation of Greece,https://www.dei.gr/Default.aspx?t=MapStation.aspx&id=161&nt=124&lang=2,,,,,,,,,Operating,Greece,,,,,,,,,,,,,,
1019442,Makrohoriou,Hydro,10,,Run of the River,,,,,,Public Power Corporation of Greece,https://www.dei.gr/Default.aspx?t=MapStation.aspx&id=167&nt=124&lang=2,,,,,,,,,Operating,Greece,,,,,,,,,,,,,,
1019405,Florina,Lignite,330,,Super-critical Thermal,2003,,,,,Geological Society of Greece,http://users.auth.gr/~ageorgak/PE18_76.pdf,,,,,,,,,Operating,Greece,,40.812192,21.601276,,,,,,,,,,,
1019404,Amynteo-Filotas,Lignite,600,,Sub-critical Thermal,1988,,,,,Geological Society of Greece,http://users.auth.gr/~ageorgak/PE18_76.pdf,,,,,,,,,Operating,Greece,,40.61922,21.683167,,,,,,,,,,,
1019403,Ptolemais,Lignite,620,,Sub-critical Thermal,1959-1973,,,,,Geological Society of Greece,http://users.auth.gr/~ageorgak/PE18_76.pdf,,,,,,,,,Operating,Greece,,40.480879,21.727375,,,,,,,,,,,
1019401,Kardia,Lignite,1200,,Sub-critical Thermal,1975-1981,,,,,Geological Society of Greece,http://users.auth.gr/~ageorgak/PE18_76.pdf,,,,,,,,,Operating,Greece,,40.410162,21.785617,,,,,,,,,,,
1019400,Agios Dimitrios,Lignite,1585,,Sub-critical Thermal,1984-1997,"2x300, 2x310, 1x315",,,,Geological Society of Greece,http://users.auth.gr/~ageorgak/PE18_76.pdf,,,,,,,,,Operating,Greece,,40.394147,21.925568,,,,,,,,,,,
1019402,Megalopoli A&B,Lignite,850,,Sub-critical Thermal,1970-1991,"2x125, 2x300",,,,"Public Power Corporation of Greece (capacity, fuel, location)",https://www.dei.gr/el/oruxeia/megalopoli,,,,,,,,,Operating,Greece,,37.416206,22.067453,,,,,,,,,,,
1019406,Liptol,Lignite,43,,Sub-critical Thermal,,,,,,"Public Power Corporation of Greece (capacity, fuel, location)",https://www.dei.gr/Default.aspx?t=MapStation.aspx&id=169&nt=124&lang=2,,,,,,,,,Operating,Greece,,,,,,,,,,,,,,
1019409,Kotomini,Natural Gas,485,Kotomini,CCGT,2002,,,,,"Public Power Corporation of Greece (capacity, fuel, location)",http://www.dei.gr/Default.aspx?id=146&nt=123&lang=2,EU,http://ec.europa.eu/regional_policy/en/projects/greece/komotini-power-plant,,,,,,,Operating,Greece,,41.064577,25.489888,,,,,,,,,,,
1019415,Thessaloniki Power Plant,Natural Gas,390,Thessaloniki,CCGT,2005,,Elpedison Energy,,,Hellenic Association of Independent Power Producers,http://haipp.gr/en/power-plants,,,,,,,,,Operating,Greece,,40.6872,22.885,,,,,,,,,,,
1019414,Aliveri,Natural Gas,420,,CCGT,,,,,,"Public Power Corporation of Greece (capacity, fuel, location)",https://www.dei.gr/Default.aspx?t=MapStation.aspx&id=179&nt=124&lang=2,Metka,http://www.metka.com/handlers/createpdf.ashx?u=http://www.metka.com/en/activity-sectors/projects/aliveri-unit-v-420mw-combined-cycle&filename=aliveri-unit-v-420mw-combined-cycle&locale=en,,,,,,,Operating,Greece,,38.3896,24.0524,Oil,,,,,,,,,,
1019410,Protergia Power Plant,Natural Gas,444,"Agios Nikolaos, Viotia",CCGT,2011,,Protergia,,,Hellenic Association of Independent Power Producers,http://haipp.gr/en/power-plants,,,,,,,,,Operating,Greece,,38.3585,22.6883,,,,,,,,,,,
1019417,Heron I,Natural Gas,148,,OCGT,,,,,,"Public Power Corporation of Greece (capacity, fuel, location)",http://www.dei.gr/Default.aspx?id=146&nt=123&lang=8,TERNA,http://www.terna.gr/activities/energy/project-power-plant-at-thiva,,,,,,,Operating,Greece,,38.2801,23.3264,,,,,,,,,,,
1019412,Heron II,Natural Gas,432,Thiva,CCGT,2010,,TERNA,,,Hellenic Association of Independent Power Producers,http://haipp.gr/en/power-plants,,,,,,,,,Operating,Greece,,38.2792,23.3299,,,,,,,,,,,
1019413,Thisvi Power Station,Natural Gas,421,"Thisvi, Viotia",CCGT,2010,,Elpedison Energy,,,Hellenic Association of Independent Power Producers,http://haipp.gr/en/power-plants,,,,,,,,,Operating,Greece,,38.236456,22.950005,,,,,,,,,,,
1019416,Agios Georgiou,Natural Gas,360,,Sub-critical Thermal,,,,,,"Public Power Corporation of Greece (capacity, fuel, location)",https://www.dei.gr/Default.aspx?t=MapStation.aspx&id=150&nt=124&lang=2,,,,,,,,,Operating,Greece,,37.9539,23.61037,,,,,,,,,,,
1019411,Korinthos Power Plant,Natural Gas,437,"Agioi Theodoroi, Korinthia",CCGT,2012,,Korinthos Power,,,Hellenic Association of Independent Power Producers,http://haipp.gr/en/power-plants,,,,,,,,,Operating,Greece,,37.920765,23.066502,,,,,,,,,,,
1019408,Lavrio,Natural Gas,723,,CCGT,1995-1998,,,,,"Public Power Corporation of Greece (capacity, fuel, location)",http://www.dei.gr/Default.aspx?id=146&nt=123&lang=7,ROTECH,http://rototech.gr/index.php/project,,,,,,,Operating,Greece,,37.74629,24.06665,,,,,,,,,,,
1019407,Megalopolis V,Natural Gas,811,,CCGT,,,,,,"Public Power Corporation of Greece (capacity, fuel, location)",http://www.dei.gr/Default.aspx?id=146&nt=123&lang=4,TERNA,http://www.terna.gr/activities/energy/project-combined-cycle-power-plant-in-megalopolis,,,,,,,Operating,Greece,,37.418044,22.108274,,,,,,,,,,,
1019418,Chania,Natural Gas,134,Crete,OCGT,1998,2x67,,,,"Public Power Corporation of Greece (capacity, fuel, location)",http://www.dei.gr/Default.aspx?id=146&nt=123&lang=6,ROTECH,http://rototech.gr/index.php/project,,,,,,,Operating,Greece,,35.488,24.0384,,,,,,,,,,,
1026597,Agrilia Baka Solar Power Plant,Solar,4.9,,PV,,,Enel Green Power Hellas SA,,,Enel Green Power,http://environmentalreport2012.enel.com/files/grecia_en.pdf,,,,,,,,,Operating,Greece,,37.0839,21.63009,,,,,,,,,,,
1026598,Alasia Solar Power Plant,Solar,1.5,,PV,,,Enel Green Power,,,Martifer Solar,http://www.martifersolar.com/,,,,,,,,,Operating,Greece,,37.4701,23.41814,,,,,,,,,,,
1026599,Athens Airport Solar Power Plant,Solar,8,,PV,,,Athens International Airport SA,,,Aviation Benefits,http://aviationbenefits.org/media/100145/aviation-climate-solutions_web-52-53.pdf,,,,,,,,,Operating,Greece,,37.9245,23.94829,,,,,,,,,,,
1026600,Axiochori Solar Power Plant,Solar,6,,PV,,,Enel Green Power Hellas SA,,,Enel Green Power,http://environmentalreport2012.enel.com/files/grecia_en.pdf,,,,,,,,,Operating,Greece,,40.86,22.67195,,,,,,,,,,,
1026601,Dimossia Solar Power Plant,Solar,2,,PV,,,Advanced Photon Dynamics SA,,,Biosar,http://en.biosar.gr/article.asp?catid=31188&subid=2&pubid=15361431,,,,,,,,,Operating,Greece,,38.2927,23.26039,,,,,,,,,,,
1026602,Florina Solar Power Plant,Solar,4.3,,PV,,,AES Solar Energy Ltd,,,Heli SCSP,http://www.aessolar.co.uk,,,,,,,,,Operating,Greece,,40.8227,21.51778,,,,,,,,,,,
1026603,Kavasila Solar Power Plant,Solar,4.9,,PV,,,Enel Green Power Hellas SA,,,Enel Green Power,http://environmentalreport2012.enel.com/files/grecia_en.pdf,,,,,,,,,Operating,Greece,,37.8842,21.25599,,,,,,,,,,,
1026604,Kourtesi 1 Solar Power Plant,Solar,4.9,,PV,,,Enel Green Power Hellas SA,,,Enel Green Power,https://www.enelgreenpower.com/en/media/press/d201205-enel-green-power-starts-operating-two-new-plants-in-greece.html,,,,,,,,,Operating,Greece,,37.9603,21.34365,,,,,,,,,,,
1026605,Kourtesi 2 Solar Power Plant,Solar,4.9,,PV,,,Enel Green Power Hellas SA,,,Enel Green Power,https://www.enelgreenpower.com/en/media/press/d201205-enel-green-power-starts-operating-two-new-plants-in-greece.html,,,,,,,,,Operating,Greece,,37.9598,21.34748,,,,,,,,,,,
1026606,Koutsopodi Solar Power Plant,Solar,2,,PV,,,Elliniki Technodomiki Anemos SA,,,Biosar,http://en.biosar.gr/article.asp?catid=31187&subid=2&pubid=15361429,,,,,,,,,Operating,Greece,,37.6502,22.65561,,,,,,,,,,,
1026607,Limnochori Solar Power Plant,Solar,4.8,,PV,,,Enel Green Power Hellas SA,,,Enel Green Power,http://environmentalreport2012.enel.com/files/grecia_en.pdf,,,,,,,,,Operating,Greece,,38.1311,21.44679,,,,,,,,,,,
1026608,Magiko Solar Power Plant,Solar,1.9,,PV,,,F/V Parko Xanthi,,,Biosar,http://en.biosar.gr/article.asp?catid=31185&subid=2&pubid=15361404,,,,,,,,,Operating,Greece,,41.0576,24.8927,,,,,,,,,,,
1026609,Moutsara 1 Solar Power Plant,Solar,7,,PV,,,Astraios Energeiakh SA,,,Biosar,http://en.biosar.gr/article.asp?catid=31183&subid=2&pubid=15361306,,,,,,,,,Operating,Greece,,40.6597,22.18933,,,,,,,,,,,
1026610,Moutsara 2 Solar Power Plant,Solar,7,,PV,,,Astraios Energeiakh SA,,,Biosar,http://en.biosar.gr/article.asp?catid=31183&subid=2&pubid=15361306,,,,,,,,,Operating,Greece,,40.6499,22.1916,,,,,,,,,,,
1026611,Palioklisi Solar Power Plant,Solar,1.9,,PV,,,Martifer Solar,,,Martifer Solar,http://www.martifersolar.com/,,,,,,,,,Operating,Greece,,39.1248,20.72171,,,,,,,,,,,
1026612,Panagia Solar Power Plant,Solar,4,,PV,,,Sky Development RES SA,,,Biosar,http://en.biosar.gr/article.asp?catid=31183&subid=2&pubid=15361325,,,,,,,,,Operating,Greece,,39.0955,22.21493,,,,,,,,,,,
1026613,Polydamada Solar Power Plant,Solar,10,,PV,,,Selected Volt,,,Biosar,http://en.biosar.gr/article.asp?catid=31185&subid=2&pubid=15361400,,,,,,,,,Operating,Greece,,39.3473,22.40523,,,,,,,,,,,
1026614,Preveza Solar Power Plant,Solar,4,,PV,,,Astraios Energeiakh SA,,,Biosar,http://en.biosar.gr/article.asp?catid=31183&subid=2&pubid=15361310,,,,,,,,,Operating,Greece,,38.9828,20.73363,,,,,,,,,,,
1026615,Pyrgos Solar Power Plant,Solar,1.7,,PV,,,,,,Biosar,http://en.biosar.gr/2012/arthro/award_of_2_00_mwp_pv_project_in_pyrgos-15361553/,,,,,,,,,Operating,Greece,,37.7252,21.44574,,,,,,,,,,,
1026616,Revenia Solar Power Plant,Solar,7.5,,PV,,,Quest,,,Biosar,http://en.biosar.gr/article.asp?catid=31185&subid=2&pubid=15361411,,,,,,,,,Operating,Greece,,38.3784,23.33713,,,,,,,,,,,
1026617,Stroussi Solar Power Plant,Solar,6.4,,PV,,,Enel Green Power Hellas SA,,,Enel Green Power,http://environmentalreport2012.enel.com/files/grecia_en.pdf,,,,,,,,,Operating,Greece,,37.9009,21.2364,,,,,,,,,,,
1026618,Thiva Solar Power Plant,Solar,5,,PV,,,Energa Fotovoltaika SA,,,Biosar,http://en.biosar.gr/article.asp?catid=31186&subid=2&pubid=15361420,,,,,,,,,Operating,Greece,,38.3739,23.3613,,,,,,,,,,,
1026619,Tripolis Solar Power Plant,Solar,2,,PV,,,Rokas Heliaki II EPE,,,Biosar,http://en.biosar.gr/article.asp?catid=31187&subid=2&pubid=15361425,,,,,,,,,Operating,Greece,,37.5116,22.41808,,,,,,,,,,,
1026620,Volos Solar Power Plant,Solar,2,,PV,,,,,,Exenewable,http://www.exenewable.com/projectProfile.asp?id=20846,,,,,,,,,Operating,Greece,,39.3675,22.88249,,,,,,,,,,,
1019419,Ano Liosia,Waste,24,,Waste Incinerator,,,,,,Hellector,http://www.lignite.gr/events/5.pdf,,,,,,,,,Operating,Greece,,38.0773,23.6544,,,,,,,,,,,
1019420,Zoodochos Pighi,Wind,24,,Onshore Wind,,,,,,Public Power Company of Greece,http://www.ppcr.gr/Energy.aspx?C=25,,,,,,,,,Operating,Greece,,,,,,,,,,,,,,
1019421,Aspri Petra,Wind,19.8,,Onshore Wind,,,,,,Public Power Company of Greece,http://www.ppcr.gr/Energy.aspx?C=26,,,,,,,,,Operating,Greece,,,,,,,,,,,,,,
1019422,Hlogos,Wind,19,,Onshore Wind,,,,,,Public Power Company of Greece,http://www.ppcr.gr/Energy.aspx?C=27,,,,,,,,,Operating,Greece,,,,,,,,,,,,,,
1019423,Lithos,Wind,19,,Onshore Wind,,,,,,Public Power Company of Greece,http://www.ppcr.gr/Energy.aspx?C=28,,,,,,,,,Operating,Greece,,,,,,,,,,,,,,
1019424,CA Viotias Castle,Wind,17.7,,Onshore Wind,2009,,Public Power Corporation of Greece,59,,Public Power Corporation of Greece,http://www.ppcr.gr/Energy.aspx?C=26,,,,,,,,,Operating,Greece,,,,,,,,,,,,,,
1019425,Geraki,Wind,17.1,,Onshore Wind,,,,,,Public Power Company of Greece,http://www.ppcr.gr/Energy.aspx?C=28,,,,,,,,,Operating,Greece,,,,,,,,,,,,,,
1019426,Panaghia Soumela,Wind,14,,Onshore Wind,,,,,,Public Power Company of Greece,http://www.ppcr.gr/Energy.aspx?C=28,,,,,,,,,Operating,Greece,,,,,,,,,,,,,,
1019427,CA Crete Xirolimni,Wind,13.2,,Onshore Wind,2010,,,42,,Public Power Corporation of Greece,http://www.ppcr.gr/Energy.aspx?C=26,,,,,,,,,Operating,Greece,,,,,,,,,,,,,,
1019428,Koutsoutis,Wind,12,,Onshore Wind,,,,,,Public Power Company of Greece,http://www.ppcr.gr/Energy.aspx?C=28,,,,,,,,,Operating,Greece,,,,,,,,,,,,,,
1019429,Soros,Wind,12,,Onshore Wind,,,,,,Public Power Company of Greece,http://www.ppcr.gr/Energy.aspx?C=28,,,,,,,,,Operating,Greece,,,,,,,,,,,,,,
1026630,LOGGARAKIA,Wind,18,"Municipality of Ermionida, Argolida",Onshore Wind,2014,8,TERNA,,,TERNA,http://www.terna-energy.com/activities/?catid=67e8558e-78c1-44cc-9d53-56994d9e6f7e&countryId=5a53c3a7-cff0-49a4-ba90-5538b3418e40,,,,,,,,,Operating,Greece,,37.479008,23.127721,,,,,,,,,,,
1026631,Mavrovouni,Wind,29.55,Viotia,Onshore Wind,2011-2015,28,TERNA,,,TERNA,http://www.terna-energy.com/activities/?catid=67e8558e-78c1-44cc-9d53-56994d9e6f7e&countryId=5a53c3a7-cff0-49a4-ba90-5538b3418e40,,,,,,,,,Operating,Greece,,,,,,,,,,,,,,
1026632,Pyrgari,Wind,5.4,Evia,Onshore Wind,2001,9,TERNA,,,TERNA,http://www.terna-energy.com/activities/?EntryId=b3776bd7-f4c3-42cd-9f01-93d454cd36b3&catid=67e8558e-78c1-44cc-9d53-56994d9e6f7e&countryId=5a53c3a7-cff0-49a4-ba90-5538b3418e40,,,,,,,,,Operating,Greece,,38.348922,24.201652,,,,,,,,,,,
1026633,MYTOULA,Wind,34.2,Evros,Onshore Wind,2006,19,TERNA,,,TERNA,http://www.terna-energy.com/activities/?EntryId=a1aad68d-4698-449d-a019-95fc4ccc3433&catid=67e8558e-78c1-44cc-9d53-56994d9e6f7e&countryId=5a53c3a7-cff0-49a4-ba90-5538b3418e40,,,,,,,,,Operating,Greece,,41.093056,25.934616,,,,,,,,,,,
1026634,PERDIKOKORIFI,Wind,14.45,Herakleio - Create,Onshore Wind,2006,17,TERNA,,,TERNA,http://www.terna-energy.com/activities/?catid=67e8558e-78c1-44cc-9d53-56994d9e6f7e&countryId=5a53c3a7-cff0-49a4-ba90-5538b3418e40,,,,,,,,,Operating,Greece,,38.232666,23.498599,,,,,,,,,,,
1026635,Xirovouni,Wind,6.3,Evros/Region of East Macedonia and Thrace,Onshore Wind,2014,3,TERNA,,,TERNA,http://www.terna-energy.com/activities/?EntryId=705ddc45-8514-454a-8ad1-a5e9b4df3b4f&catid=67e8558e-78c1-44cc-9d53-56994d9e6f7e&countryId=5a53c3a7-cff0-49a4-ba90-5538b3418e40,,,,,,,,,Operating,Greece,,,,,,,,,,,,,,
1026636,Scopia,Wind,20,Etoloakarnania,Onshore Wind,2011,8,TERNA,,,TERNA,http://www.terna-energy.com/activities/?EntryId=e2d2e726-7b8d-4af8-9323-cdfde23f65e0&catid=67e8558e-78c1-44cc-9d53-56994d9e6f7e&countryId=5a53c3a7-cff0-49a4-ba90-5538b3418e40,,,,,,,,,Operating,Greece,,,,,,,,,,,,,,
1019430,Heliolousti II,Wind,9,,Onshore Wind,,,,,,Public Power Company of Greece,http://www.ppcr.gr/Energy.aspx?C=28,,,,,,,,,Operating,Greece,,,,,,,,,,,,,,
1026637,TSILIKOKA,Wind,21,Evia,Onshore Wind,2000,34,TERNA,,,TERNA,http://www.terna-energy.com/activities/?EntryId=09fa7ebf-932b-426b-b7cf-e8fe2170979c&catid=67e8558e-78c1-44cc-9d53-56994d9e6f7e&countryId=5a53c3a7-cff0-49a4-ba90-5538b3418e40,,,,,,,,,Operating,Greece,,38.331294,24.192583,,,,,,,,,,,
1019431,Prophet Helias,Wind,9,,Onshore Wind,,,,,,Public Power Company of Greece,http://www.ppcr.gr/Energy.aspx?C=28,,,,,,,,,Operating,Greece,,,,,,,,,,,,,,
1026638,Rachoula,Wind,38,Viotia,Onshore Wind,2011-2015,16,TERNA,,,TERNA,http://www.terna-energy.com/activities/?catid=67e8558e-78c1-44cc-9d53-56994d9e6f7e&countryId=5a53c3a7-cff0-49a4-ba90-5538b3418e40,,,,,,,,,Operating,Greece,,,,,,,,,,,,,,
1019432,Heliolousti I,Wind,8,,Onshore Wind,,,,,,Public Power Company of Greece,http://www.ppcr.gr/Energy.aspx?C=28,,,,,,,,,Operating,Greece,,,,,,,,,,,,,,
1026639,STAVROTI VIGLA KATTAVIA - RHODES,Wind,17.85,Dodecanese,Onshore Wind,2014,,TERNA,,,TERNA,http://www.terna-energy.com/activities/?EntryId=d94a124a-b2bf-4482-a48d-fe7e5c20080f&catid=67e8558e-78c1-44cc-9d53-56994d9e6f7e&countryId=5a53c3a7-cff0-49a4-ba90-5538b3418e40,,,,,,,,,Operating,Greece,,,,,,,,,,,,,,
1019433,Monastiri II,Wind,8,,Onshore Wind,,,,,,Public Power Company of Greece,http://www.ppcr.gr/Energy.aspx?C=28,,,,,,,,,Operating,Greece,,,,,,,,,,,,,,
1019434,CA Crete Rethymno Akoumia,Wind,7.2,,Onshore Wind,,,,,,Public Power Corporation of Greece,http://www.ppcr.gr/Energy.aspx?C=26,,,,,,,,,Operating,Greece,,,,,,,,,,,,,,
1019435,Aghios Kirillos,Wind,7,,Onshore Wind,,,,,,Public Power Corporation of Greece,,,,,,,,,,Operating,Greece,,,,,,,,,,,,,,
1019436,CA Crete Sitia Toplou Montasery,Wind,6.6,,Onshore Wind,,,,,,Public Power Corporation of Greece,http://www.ppcr.gr/Energy.aspx?C=27,,,,,,,,,Operating,Greece,,,,,,,,,,,,,,
1019437,Martino,Wind,6,,Onshore Wind,,,,,,Public Power Company of Greece,http://www.ppcr.gr/Energy.aspx?C=28,,,,,,,,,Operating,Greece,,,,,,,,,,,,,,
